,Unnamed: 0.1,Unnamed: 0,source_id,ra,dec,parallax,pmra,pmdec,ruwe,phot_g_mean_mag,bp_rp,radial_velocity,ra_error,dec_error,pmra_error,pmdec_error,parallax_error,visibility_periods_used,phot_bp_mean_mag,phot_rp_mean_mag,nu_eff_used_in_astrometry,pseudocolour,ecl_lat,astrometric_params_solved,zp,fidelity_v2,parallax_,relative_error,cell_id,distance,cluster_id
62013,65822,65822,1503802637425316864,207.08450430321884,46.1625639495681,10.622536019031266,21.967112987276465,-11.493015467205442,1.0190254,19.98186,1.2312527,,0.25266224,0.28432277,0.31063467,0.34426,0.37092194,30,20.550825,19.319572,,1.4864972,51.92704712066092,95,-0.024068,1.0,0.0106225360190312,0.034918397954637,39,94.1394783890036,39_001
62186,65996,65996,1505107762024006144,213.9216021004091,45.12244081905348,11.180825709444262,-18.323253166642253,-5.051310220419888,1.7046808,14.590457,2.8217077,-6.28721,0.02051192,0.02254946,0.02506923,0.027198091,0.029710677,28,16.185232,13.363524,1.2555567,,53.78177859425723,31,-0.045958,1.0,0.0111808257094442,0.0026572882694078,39,89.43883269330652,39_001
62196,66006,66006,1508133755461990528,213.22109323587043,49.45942344746109,10.339532795690838,-16.983489299220686,-3.630016118633181,1.2030065,14.964291,2.6180286,-2.399933,0.017534344,0.01938404,0.022192355,0.02401481,0.022586081,29,16.40417,13.78614,1.2742894,,57.02295413508356,31,-0.041657,1.0,0.0103395327956908,0.0021844392243151,39,96.71616887919436,39_001
62210,66020,66020,1503881256802779776,206.62558584812243,46.69202815518255,10.188750698008704,-23.306935525344752,1.3267460120921948,1.0376927,15.361605,2.5521183,-8.36854,0.016051782,0.021452382,0.020025339,0.028823342,0.024368832,29,16.75558,14.203463,1.2823652,,52.17690496788085,31,-0.041605,1.0,0.0101887506980087,0.0023917389601811,39,98.14745984465408,39_001
62378,66191,66191,1509561299512624000,210.1965966579695,47.66529875134815,10.89368056844842,-17.79665576026391,-5.6571731679563,1.0670073,13.248553,1.998436,-3.9499686,0.007951622,0.009376022,0.009370526,0.010913026,0.010824572,30,14.25138,12.252944,1.344933,,54.3864474017681,31,-0.034391,1.0,0.0108936805684484,0.0009936560863874,39,91.79633951231519,39_001
62384,66197,66197,1511697238288242944,214.34565866767136,50.94848723336777,10.511224448781538,-16.96467889075362,-4.04140751597693,1.071689,14.979333,2.6362686,-5.024704,0.016515078,0.017959371,0.020206735,0.02325046,0.021017466,27,16.436193,13.799925,1.2723392,,58.63695842254724,31,-0.041568,1.0,0.0105112244487815,0.0019995259450897,39,95.1363948960222,39_001
62387,66200,66200,1512059080693107712,212.78627063407487,52.371314045835966,10.63850300833582,-20.007567593217992,-24.597494689933185,1.0418177,15.686528,2.7052708,-21.299757,0.023489788,0.024628388,0.029109135,0.029708613,0.028604342,29,17.195175,14.489904,1.2652892,,59.10852779892857,31,-0.042554,1.0,0.0106385030083358,0.0026887563012941,39,93.99818745329583,39_001
62388,66201,66201,1512483182943848832,208.64687597095363,51.66921158607837,11.179269816660732,-18.58265418783684,-4.82282816791252,1.0831475,16.894852,3.5318785,,0.042938534,0.051272664,0.0490331,0.06631928,0.058963846,29,19.077442,15.545564,1.2053372,,56.92783101622938,31,-0.054124,1.0,0.0111792698166607,0.0052743915270856,39,89.45128048610823,39_001
62413,66226,66226,1508309780402108544,215.65892102514923,49.45061716508771,10.19634941447455,-15.191385460640902,-2.397662853875615,1.1204798,19.412073,,,1.0865186,0.39433542,1.1492096,0.4848794,0.4955447,14,,,,1.123712,57.98355836170465,95,-0.034028,0.035583496,0.0101963494144745,0.0486002077661769,39,98.0743165372916,39_001
62585,66401,66401,1511749465090453632,213.1694863987198,51.09451251015557,10.488411973786,-17.275363469912698,-3.142849116656361,1.1556817,15.48652,2.839613,-7.7310877,0.022386117,0.023220196,0.026189819,0.02850705,0.027141895,30,17.098444,14.258831,1.2537048,,58.28236718944401,31,-0.044993,1.0,0.010488411973786,0.0025877983309424,39,95.34331817813124,39_001
62765,66583,66583,1506907696918058496,215.51019423566885,47.14225028638814,10.232192187397214,-28.30454833282189,12.572222676780363,2.3969946,15.151479,2.8387852,-13.699102,0.039313965,0.040407587,0.047811266,0.050709903,0.050821155,30,16.76261,13.923824,1.2541326,,56.068930128758645,31,-0.045537,1.0,0.0102321921873972,0.0049667905048338,39,97.73076792201786,39_001
62927,66747,66747,1512518951431592320,209.5704572716253,51.7332338489995,11.21996636026352,-19.20235302905268,-4.992180276770272,1.0551268,16.002518,2.9769754,,0.02423191,0.025612675,0.029014511,0.03240387,0.030518396,29,17.722885,14.74591,1.2415466,,57.34358822837403,31,-0.047639,1.0,0.0112199663602635,0.0027200077986047,39,89.12682693431134,39_001
63236,67057,67057,1495063341050869760,218.96203235254828,46.82014004467643,10.528688838557544,22.008020788905085,-2.76095290683315,1.0974095,20.176285,2.9711113,,0.42129445,0.42428046,0.515402,0.49864867,0.4949999,27,21.576807,18.605696,,1.1339654,57.16063422662409,95,-0.041497,1.0,0.0105286888385575,0.047014391591405,39,94.97858805911929,39_001
63718,67546,67546,1530882719762199808,194.5966216820692,46.53315822402862,10.878570770588444,-20.39492503433907,-10.392000744754665,3.6208467,16.677593,3.3357115,,0.10576714,0.13776882,0.12407799,0.16280042,0.18724023,28,18.537386,15.201674,1.2144339,,47.29414394249973,31,-0.052855,1.0,0.0108785707705884,0.0172118409622546,39,91.92384009704908,39_001
63930,67760,67760,1542529880794784768,192.1349640539977,45.77735372707442,10.726494499736717,-24.535234385990712,14.758184753119652,1.108393,15.32796,2.5055294,-0.77871394,0.014725088,0.01723689,0.018394092,0.02362904,0.028194815,30,16.683876,14.178347,1.28627,,45.71041333456999,31,-0.042874,1.0,0.0107264944997367,0.0026285209022101,39,93.22710229558658,39_001
63934,67764,67764,1508260542896727936,215.4540468441328,49.34783965355573,10.86064491722686,-15.897236742017832,-3.1698599945176213,2.5218136,14.326386,2.715373,12.518704,0.029345112,0.031498004,0.033619605,0.03928986,0.038397964,30,15.839317,13.123944,1.2654266,,57.82084033593493,31,-0.0431,1.0,0.0108606449172268,0.0035355141699821,39,92.07556343305475,39_001
64088,67920,67920,1551723103671639808,203.5195669158157,46.64025541831046,11.12531993224885,-19.53792609283145,-6.156297638945443,1.4722006,15.505052,2.859189,1.9512265,0.024943251,0.03042281,0.02919408,0.035655625,0.038424537,29,17.08746,14.228271,1.2532182,,50.90012370597107,31,-0.047052,1.0,0.0111253199322488,0.0034537916423076,39,89.88505553906047,39_001
64107,67939,67939,1512261012875442304,210.7660571876333,50.98444096612159,11.670017626987612,-19.766298926320403,-5.544441900000862,1.1455022,14.6835,2.6020136,-16.662294,0.013770665,0.014844191,0.016977336,0.01869377,0.017434742,31,16.107595,13.505582,1.2764977,,57.241163466069416,31,-0.041288,1.0,0.0116700176269876,0.0014939773492441,39,85.68967348322091,39_001
64238,68071,68071,1553722428127502848,201.1496255449329,50.91055703473158,10.647282750508632,-19.050100100757128,-6.785407131005369,1.0393109,16.175304,2.9041138,,0.027651416,0.032233875,0.034819126,0.044425964,0.03772007,29,17.833782,14.929668,1.2474878,,53.38000295265616,31,-0.046707,1.0,0.0106472827505086,0.003542694496227,39,93.92067661133841,39_001
64407,68240,68240,1558806501175556864,204.2881806894169,51.089027315292846,10.725328683485897,-22.963728101813945,22.322062794569035,4.947198,14.280136,2.4644737,-10.9423275,0.05744134,0.061287005,0.06710844,0.07662038,0.07386295,30,15.606642,13.142168,1.2899203,,54.75413240872343,31,-0.039966,1.0,0.0107253286834858,0.0068867772895136,39,93.23723584711566,39_001
64410,68243,68243,1559563991670857728,203.92335308218816,51.35936897637045,10.467430021019297,-17.97733910052387,18.204493464004365,1.0227568,18.136927,3.3435478,,0.09380967,0.11521871,0.11644578,0.13378152,0.1295258,30,20.098436,16.754889,,1.0889308,54.82027410679898,95,-0.053788,1.0,0.0104674300210192,0.0123741739605522,39,95.53443376186348,39_001
64583,68420,68420,1505501215387558912,212.15462354385045,44.815418501596994,10.41298930492726,7.023955193346643,-9.919183064769456,1.1476938,14.947333,2.4193668,-15.908469,0.015222783,0.017057106,0.01816985,0.02055351,0.02089918,30,16.242249,13.822882,1.2946278,,52.82939514858633,31,-0.039715,1.0,0.0104129893049272,0.0020070298151666,39,96.03390253429164,39_001
64628,68468,68468,1552233380146046208,205.3435328408,47.87503992286067,12.015316415248767,-18.10028301967272,-8.988053989884627,11.135024,14.305953,2.5689497,-7.3607774,0.12936412,0.14695512,0.14982519,0.17437616,0.18286741,29,15.68331,13.11436,1.2791553,,52.625769070407735,31,-0.042159,1.0,0.0120153164152487,0.0152195251194484,39,83.22710492508503,39_001
64629,68469,68469,1553218714363378176,202.5309090139532,48.68826822056186,10.483152911879774,-4.249372378763471,-13.803517572840956,1.0341872,16.552666,2.990409,,0.03140561,0.037976123,0.038530197,0.052961357,0.04705576,29,18.287344,15.296935,1.2417711,,52.16392664916573,31,-0.048443,1.0,0.0104831529118797,0.004488703007153,39,95.39114886579416,39_001
64630,68470,68470,1553308423343909376,201.5285516467777,49.35594805448962,10.226301544475186,-20.37355889370988,12.6711045128547,1.0767118,18.83526,3.3600044,,0.12916344,0.14841689,0.16793549,0.17437148,0.18339561,29,20.752415,17.39241,,1.1107827,52.30130498080703,95,-0.035636,1.0,0.0102263015444751,0.0179337181875964,39,97.78706364670653,39_001
64770,68612,68612,1507538610433938816,216.48960369417983,49.08282098393845,10.260137058359922,-16.607126332906148,-3.4541214931596302,1.0545325,16.75729,3.3175821,,0.043510564,0.04167394,0.054504186,0.050715636,0.054772638,28,18.749638,15.432055,1.2157902,,58.02007545049991,31,-0.052122,1.0,0.0102601370583599,0.0053383924296967,39,97.46458495748904,39_001
64823,68668,68668,1563282372493360512,199.0116883209298,53.74403006667737,11.029197216121483,-18.86998616687077,-6.814707522577932,1.1517252,16.200087,2.965106,,0.031172423,0.03368277,0.037421532,0.041225377,0.042487532,29,17.909393,14.944287,1.2428641,,54.73346676547013,31,-0.04768,1.0,0.0110291972161214,0.0038522778374019,39,90.66843038569462,39_001
64847,68692,68692,1512895701668161280,211.6233800448195,52.98494815026563,10.50546789866777,-16.294555177833303,-4.762525702637365,2.0717032,15.51541,2.7473278,6.205685,0.039444204,0.04645812,0.046325233,0.05214072,0.049203817,29,16.933239,14.185911,1.2554374,,59.10969155357725,31,-0.044439,1.0,0.0105054678986677,0.0046836387940645,39,95.18852559882836,39_001
64966,68813,68813,1512032314456889728,211.9550611907514,51.95266021487758,10.067354421574084,-16.572286375616375,-4.075859490980752,0.9420079,11.0510645,1.1112022,-5.58415,0.009741243,0.010998913,0.0120086,0.014589434,0.012331215,30,11.525357,10.414155,1.4906646,,58.45922136933729,31,-0.029942,1.0,0.010067354421574,0.0012248714492036,39,99.33096205066882,39_001
65005,68854,68854,1572546548231562496,186.25860281924207,54.42581355857006,11.419000810177527,2.8119697544704123,2.534530112477385,1.0373402,15.334583,2.6231184,-14.912773,0.016444752,0.019133015,0.021497628,0.025859192,0.025107432,30,16.780178,14.15706,1.2738636,,50.48638255952225,31,-0.043443,1.0,0.0114190008101775,0.0021987415902118,39,87.57333646116588,39_001
65014,68863,68863,1561439694084279552,206.64842814288883,54.432657688820136,10.741709768261495,-18.558572174463578,-4.74245002224005,0.82475185,5.6708803,-0.036522865,,0.033816088,0.03452571,0.040889584,0.039467886,0.041760836,26,5.6488447,5.6853676,1.7703948,,58.22069272883509,31,-0.030515,1.0,0.0107417097682614,0.0038877270845085,39,93.09504925879739,39_001
65015,68864,68864,1561779889854217856,205.78235094869063,54.02590264872479,10.65898143679854,-19.29966698562263,-3.6742398054579537,1.0538392,9.54117,0.7976656,,0.0092474725,0.010216213,0.011820346,0.013419663,0.0119997095,29,9.854965,9.0573,1.5618081,,57.57932915642464,31,-0.019643,1.0,0.0106589814367985,0.001125783881992,39,93.81759466694005,39_001
65209,69061,69061,1541872407198877184,186.23784717052865,45.78015359255521,10.32246526932362,-12.028733084088955,-3.6065769412899606,1.0820009,17.09302,2.9580765,,0.04246633,0.047111902,0.049501233,0.057444155,0.06735288,23,18.803692,15.845615,1.2438207,,43.44626345993274,31,-0.048432,1.0,0.0103224652693236,0.0065248831788429,39,96.87608278729788,39_001
65296,69149,69149,1542553863892777344,191.3338108114793,45.45946972472888,10.11589509645217,13.048418263074424,-16.844263840403464,4.362593,17.849825,2.5818653,,0.34307894,0.50163335,0.39425123,0.5878075,0.80375016,26,18.713385,16.13152,,0.8805281,45.1350234189222,95,-0.06022,0.014831543,0.0101158950964521,0.0794541810029139,39,98.85432682578187,39_001
65313,69167,69167,1503770755884281344,206.30482000403407,46.31111695711512,11.586558842323232,-19.357874171441285,-6.026048502369181,1.204145,13.264823,2.3253098,-20.362606,0.008532032,0.010399328,0.0109704975,0.013747357,0.0123310285,29,14.490335,12.165026,1.3037804,,51.73844214907473,31,-0.039135,1.0,0.0115865588423232,0.001064252869882,39,86.30690212759424,39_001
65374,69229,69229,1569488084840186240,187.7049499298318,53.852529702486514,11.149021945820014,-10.215139967780464,-5.805067182835616,1.1108161,12.484435,1.6884661,-40.359375,0.008174062,0.009076975,0.010653398,0.011279655,0.012009987,29,13.294348,11.605882,1.388136,,50.563236753263446,31,-0.008139,1.0,0.01114902194582,0.0010772233706565,39,89.69396641782741,39_001
65375,69230,69230,1569488187919845632,187.7043672246689,53.85823157120556,11.124365209650572,-9.852443237148185,-7.125654931566408,0.90630525,10.196982,0.93686867,-39.899647,0.009350156,0.010552459,0.011790171,0.012778141,0.014058453,29,10.581129,9.64426,,1.5333023,50.56749458213694,95,-0.025051,1.0,0.0111243652096505,0.001263753278057,39,89.89276971350148,39_001
65379,69234,69234,1570922393463364608,189.1037890467104,53.895384591368064,10.525441603373633,-23.850396041372232,-12.056747281482016,1.0259176,19.216373,3.8142529,,0.14761242,0.16152719,0.18434942,0.21214263,0.21639611,29,21.58385,17.769598,,1.0382727,51.11061775668124,95,-0.031699,1.0,0.0105254416033736,0.020559337855301,39,95.00789018481481,39_001
65500,69356,69356,1509357855501310976,210.26615726811443,47.29604550362413,11.199187010320609,-17.12118119725725,-4.603603383781843,0.9514125,16.801321,3.19738,,0.036327664,0.04228155,0.045290314,0.05049527,0.050503906,29,18.70493,15.507549,1.2266412,,54.11549756065736,31,-0.050848,1.0,0.0111991870103206,0.0045096046662546,39,89.29219586015047,39_001
65564,69420,69420,1573106268369199232,182.6094010394439,54.38837628458512,10.680211224412972,-30.79208489634143,-10.957458277797276,1.013589,13.218751,2.0194702,1.1676224,0.007941101,0.008008341,0.010570666,0.010484624,0.011121423,31,14.217848,12.198378,1.3438655,,49.1515364254384,31,-0.035954,1.0,0.0106802112244129,0.0010413111469723,39,93.63110700602935,39_001
65763,69621,69621,1559808671664094848,202.38305848085264,51.70337610736232,10.499377454713532,-19.04810261562418,-4.975267863117737,1.2636861,14.273327,,11.146825,0.044155825,0.05201338,0.05060326,0.057119988,0.061644416,28,,,,1.1907579,54.48112798566813,95,-0.047574,1.0,0.0104993774547135,0.0058712448681731,39,95.24374224217156,39_001
65852,69711,69711,1554365436272271744,198.26944122520084,47.44343086718456,11.8941152332239,-10.911998929389794,-7.921674957039135,1.1120348,16.124027,2.9683332,,0.026575126,0.03139523,0.03252841,0.040713854,0.040400367,29,17.83735,14.869018,1.243266,,49.47845532896558,31,-0.04822,1.0,0.0118941152332239,0.0033966685379967,39,84.07519015846545,39_001
65858,69717,69717,1557026769806606592,199.2659637276154,52.06968480293536,10.154043269859478,8.973184904899956,-5.741044930768615,14.760243,14.754918,2.6743517,14.874887,0.20735599,0.22586559,0.2468497,0.27817,0.2801423,28,16.190704,13.516353,1.269947,,53.5476039141508,31,-0.043353,1.0,0.0101540432698594,0.0275892363814869,39,98.48293664143965,39_001
65904,69763,69763,1549079220586992128,180.4774755823911,53.297107634134406,10.650607385831329,-37.54848490264106,-16.526656124582164,1.0119795,20.431473,0.15258598,,0.33770078,0.38513473,0.4334401,0.54826015,0.5722946,28,20.46872,20.316133,1.705214,,47.524688799569965,31,-0.005965,1.0,0.0106506073858313,0.0537335176547144,39,93.89135884685022,39_001
65910,69769,69769,1557808763092160896,196.38328807757145,52.41554005219756,10.06180583957092,0.0227162562964331,-8.008241238792026,1.0582323,15.629136,2.7197475,-26.689213,0.022435706,0.024662834,0.028777018,0.029871792,0.032714806,28,17.14496,14.425213,1.2652496,,52.70214688567084,31,-0.044264,1.0,0.0100618058395709,0.0032513851411582,39,99.38573810152616,39_001
65914,69773,69773,1558886628085141120,205.92550350548444,50.36211205782043,10.80911303696142,-18.9195279863842,-5.081089773608873,1.0514446,17.629854,3.5487843,,0.062613115,0.06852304,0.080391645,0.0896823,0.08206423,30,19.821438,16.272654,1.2002794,,54.83408205201208,31,-0.053418,1.0,0.0108091130369614,0.0075921335746405,39,92.51452885917037,39_001
65945,69804,69804,1562056417028500352,204.562241099158,54.6577156694816,11.245951787943593,-18.82049060670912,-5.311532655491932,1.1052401,15.549674,2.7259884,,0.020701718,0.020634389,0.026653498,0.02606591,0.02513214,31,17.06961,14.343622,1.2634912,,57.57004986845936,31,-0.043296,1.0,0.0112459517879435,0.00223477216281,39,88.92088627590194,39_001
65946,69805,69805,1562217907798594816,205.8932938039348,54.93584812016422,10.108953907401489,-25.447083607604192,2.0053817506710554,1.0095817,16.172491,2.867692,,0.027241027,0.028425286,0.031417727,0.038107093,0.035421424,29,17.810137,14.942445,1.2515041,,58.29461307591204,31,-0.045151,1.0,0.0101089539074014,0.0035039653286049,39,98.92220393524966,39_001
65947,69806,69806,1564243895412086784,195.6130996026456,54.4673743965029,10.13407686823743,27.58099126684669,3.3578503963944115,1.0577819,14.2497835,2.2663813,-11.667598,0.011845794,0.012049737,0.014853443,0.015335715,0.01530557,31,15.434303,13.167922,1.311077,,53.983856359595656,31,-0.037461,1.0,0.0101340768682374,0.0015103072730749,39,98.67697008833998,39_001
65997,69858,69858,1509491240005703040,211.24396534473323,48.0954422013749,11.563473142917664,-10.11539973122504,-6.052819194106885,1.3901066,11.326028,1.53123,,0.012646849,0.015113092,0.015067973,0.01946825,0.01775375,30,12.038396,10.507166,1.4138346,,55.149258190292784,31,-0.028946,1.0,0.0115634731429176,0.0015353302403675,39,86.47920807534199,39_001
66002,69863,69863,1512001425052135680,212.6918531406403,52.021097528814735,10.432961942570198,-17.537480905805722,-4.063474197716767,1.0171773,15.765343,2.9075718,-75.45573,0.022763662,0.02677791,0.028470883,0.031760637,0.030346155,28,17.432652,14.52508,1.2480174,,58.804485238504725,31,-0.045968,1.0,0.0104329619425701,0.0029086806955728,39,95.85005729961053,39_001
66027,69889,69889,1558463900224281856,205.55723623530392,49.59926828931746,10.77235593266838,-28.728736201983,-23.717521058980942,0.9882933,10.993081,1.182478,4.304899,0.0087845335,0.009655067,0.01043595,0.012247477,0.012455118,31,11.506148,10.32367,1.4759924,,54.08744952692838,31,-0.028272,1.0,0.0107723559326683,0.0011562111461828,39,92.8302041123052,39_001
66031,69893,69893,1559650754307292544,203.0362654731056,51.87204433152191,11.183915334775408,-18.03424787588586,-6.426995699266199,20.315348,15.221342,2.11096,,0.3918989,0.43269897,0.46844342,0.5421127,0.532793,30,15.933401,13.822441,,1.8310897,54.86789671283519,95,-0.022966,0.9370117,0.0111839153347754,0.0476392197232865,39,89.41412466621489,39_001
66107,69970,69970,1562916406920238592,200.92469457877087,52.46246750481226,11.031989912907168,-19.46206288332384,-6.844331042132995,1.1471953,14.85942,2.6430864,3.5792515,0.015686814,0.017153522,0.017615646,0.019162538,0.021012347,29,16.316647,13.67356,1.2726074,,54.49624094067969,31,-0.042626,1.0,0.0110319899129071,0.0019046742397231,39,90.6454780954821,39_001
66108,69971,69971,1563180805106683392,199.92897703282088,53.10218635552538,10.613933857218074,-10.355897754659726,-16.18531472478408,1.1496228,14.519646,2.517887,17.895042,0.014261549,0.014104471,0.016750507,0.018727593,0.017965626,31,15.885914,13.368027,1.2842451,,54.59931638204088,31,-0.040799,1.0,0.010613933857218,0.0016926453699146,39,94.215774608389,39_001
66177,70040,70040,1506824305831375872,214.4281323764,46.47817520163043,11.423738375828547,-17.805456499164737,-4.383698811593078,0.9987478,18.982464,3.5703373,,0.15335958,0.15246947,0.18394984,0.19777389,0.20392378,28,21.08601,17.515673,,0.9954592,55.09931497232533,95,-0.032126,1.0,0.0114237383758285,0.0178508797462905,39,87.53701871498572,39_001
66183,70046,70046,1509616068935518080,210.1102982496782,48.38378530993936,10.789307096098682,-20.394267535291032,-4.376827027764428,1.1359761,18.545197,3.7234936,,0.13232793,0.14391851,0.16015369,0.17978778,0.17329513,31,20.751612,17.028118,,0.9492485,54.92979164044469,95,-0.043326,1.0,0.0107893070960986,0.0160617478450179,39,92.68435786405587,39_001
66214,70077,70077,1563586799775391104,201.2158943481016,54.89743202215939,10.965028891532455,-20.17127267605676,-5.330298920138407,1.3974257,7.526949,0.39440918,-3.4247434,0.023296263,0.022830375,0.027732315,0.028079873,0.02806303,30,7.662536,7.268127,1.65695,,56.44864290517711,31,-0.024249,1.0,0.0109650288915324,0.0025593211178559,39,91.19903010672748,39_001
66257,70121,70121,1544236047962962176,189.42351252003263,49.08666111424444,11.788503243040354,-20.5766685634307,-11.235583926744418,1.1922613,14.9384575,2.7117262,-16.370855,0.014511928,0.016646486,0.01715025,0.021201262,0.024075877,31,16.450052,13.738326,1.2649168,,47.39143551770843,31,-0.04592,1.0,0.0117885032430403,0.0020423183930677,39,84.8284111547732,39_001
66261,70125,70125,1548420514340632960,181.22409428525344,50.90773523479944,10.350416698249642,-3.2460176207516644,-6.690511965014129,15.970113,17.239124,2.469057,,0.4300993,0.5473788,0.5346016,0.73349035,0.8415602,29,17.889309,15.420252,,1.2952113,45.84395758415299,95,-0.051755,0.007080078,0.0103504166982496,0.0813068907788336,39,96.61446772177916,39_001
66263,70127,70127,1549220649566159232,180.479534615605,54.13756479548653,10.630119981407484,-13.492362936216743,-21.021147517920745,1.0578698,14.813734,2.4555817,7.001114,0.013650538,0.0147887785,0.016643263,0.018802715,0.02166792,28,16.134724,13.679142,1.2903295,,48.20220938964024,31,-0.041645,1.0,0.0106301199814074,0.0020383514050545,39,94.07231543473158,39_001
66281,70145,70145,1565932436033929472,201.0614947385941,57.49061896469833,10.137236100437356,-19.606037133174283,-3.355708347769962,1.7693725,16.58509,3.0528135,,0.09638853,0.12692328,0.11583956,0.13737403,0.13285169,25,17.659622,14.606809,,1.1753211,58.27068037285146,95,-0.06271,1.0,0.0101372361004373,0.0131053167435123,39,98.64621777496748,39_001
66284,70148,70148,1566403164449767680,199.0559363663993,57.97462394912386,10.56111496035633,-24.53527449777089,13.191506228509931,1.081918,16.612791,3.0487156,,0.042317662,0.04131733,0.05268989,0.047839005,0.04933274,28,18.391691,15.342976,1.2367615,,57.85705124545126,31,-0.048908,1.0,0.0105611149603563,0.0046711677872253,39,94.68697232761332,39_001
66297,70161,70161,1605894078777275136,220.3363029851894,52.64698582001841,10.11761113848748,26.35118410321592,-10.420719326627571,0.9446966,8.529291,0.64497757,,0.011871351,0.013990254,0.012519701,0.01722625,0.014819698,24,8.732947,8.08797,1.6107123,,62.31699119646831,31,-0.01942,1.0,0.0101176111384874,0.0014647427932494,39,98.83756020193336,39_001
66316,70180,70180,1603366683791506816,218.1498521635837,48.93755013511526,10.360905813002512,-1.0589576133737753,-19.97277275788042,1.2283802,13.720597,2.0343132,-9.612239,0.011889571,0.012822122,0.014646127,0.015257441,0.016089514,27,14.652486,12.618173,1.3355428,,58.55942975123121,31,-0.033909,1.0,0.0103609058130025,0.0015529061155838,39,96.51665771780708,39_001
66317,70181,70181,1603372868544389760,217.91784262436667,48.90254992684783,10.181349663215109,-15.821405176570394,-3.17133532486506,1.1020528,16.230629,2.956133,,0.029659823,0.0333464,0.033585075,0.0390774,0.04065557,28,17.931498,14.975365,1.2423627,,58.44000277351861,31,-0.0474,1.0,0.0101813496632151,0.0039931415131421,39,98.2188052742132,39_001
66334,70198,70198,1552518737773228672,204.15537370800493,48.85432981694182,11.008275283524476,-19.04835440625041,-6.402712619123051,1.1881183,15.279593,2.7240944,-4.291835,0.018350849,0.0219976,0.02093722,0.025464348,0.027174562,28,16.796917,14.072823,1.2648543,,52.93975152498097,31,-0.044328,1.0,0.0110082752835244,0.0024685576350612,39,90.84075154776116,39_001
66355,70219,70219,1512213802594954368,209.30876062841853,50.94916100669021,10.901119673366594,-17.672586991249332,-5.232617306494312,1.0456288,15.921012,2.89849,,0.02470952,0.02543998,0.029459236,0.030963713,0.03114462,31,17.581787,14.683297,1.2468163,,56.63451218144552,31,-0.046708,1.0,0.0109011196733665,0.002857011108326,39,91.73369616730191,39_001
66469,70335,70335,1556273707421134208,198.79758937035467,50.3904433650802,10.039718032803776,-14.701469072556645,-7.092435724022534,1.0554092,15.819168,2.8527832,,0.020730391,0.027894175,0.02463057,0.037693914,0.032341022,28,17.44028,14.587498,1.2522725,,52.05042856213164,31,-0.046871,1.0,0.0100397180328037,0.0032213077991163,39,99.60439095327253,39_001
66475,70341,70341,1559004000951070976,207.05619914580143,51.22758996205779,10.70074861354894,-18.11903678363349,-4.624988568127717,1.1471378,16.498463,3.2658281,,0.036036316,0.042914692,0.045873165,0.055087283,0.049395967,28,18.454935,15.189107,1.2206267,,55.95640121722548,31,-0.051017,1.0,0.0107007486135489,0.0046161225521601,39,93.45140570201194,39_001
66479,70345,70345,1560839669973427200,206.22813146436764,52.92307800052554,10.795009824871087,-18.357471616849985,-5.823068672024327,1.0720099,15.365385,2.8291092,-2.3214393,0.018326366,0.019817382,0.021974972,0.02603848,0.02395045,31,16.968773,14.139664,1.2544525,,56.92711229320521,31,-0.045213,1.0,0.010795009824871,0.0022186593980507,39,92.63539507820227,39_001
66489,70356,70356,1573106268369605632,182.60986094860093,54.38880893338737,10.90877981987732,-29.38793073486785,-12.518328906849352,1.357626,15.669085,,,0.04668783,0.046299558,0.06476742,0.06382023,0.064918615,26,,,,1.2322432,49.15204277188348,95,-0.055634,1.0,0.0109087798198773,0.005951042744644,39,91.66928075474236,39_001
66508,70375,70375,1605868004025032064,220.73478188978257,52.68366903386065,10.175651734061258,-15.8770887293253,-1.6185921817584976,1.0954064,12.342363,1.6051378,-6.210315,0.008331059,0.009388277,0.010019215,0.012438949,0.010641499,27,13.10119,11.496052,1.4011021,,62.5025254487154,31,-0.005451,1.0,0.0101756517340612,0.0010457805827197,39,98.27380359851314,39_001
66516,70383,70383,1608103448603945216,213.82068748122649,52.535908218934765,10.683103697635016,-17.59804242066417,-3.439223502021589,0.95742154,6.561181,0.09892225,-9.564832,0.017086769,0.019533329,0.020886548,0.02519731,0.022274746,26,6.58592,6.4869976,1.7273302,,59.64464420662863,31,-0.027539,1.0,0.010683103697635,0.0020850444431173,39,93.60575618313783,39_001
66532,70400,70400,1555402481895361664,193.69320930034883,49.16955179153733,11.699048060140418,-20.64025984104685,-8.50133287045549,1.1099327,15.999131,2.9232044,,0.023227185,0.025781529,0.027529119,0.032865636,0.0347549,31,17.679056,14.755852,1.2470962,,49.09328340915565,31,-0.048041,1.0,0.0116990480601404,0.002970745980471,39,85.47704008560154,39_001
66638,70506,70506,1559141233746429184,205.7753484104232,51.35164452267732,10.334751205996406,-18.06771445406289,-6.116882226327861,1.1838015,15.135986,2.6600552,-11.25583,0.020467415,0.021880094,0.024122534,0.029997515,0.028969878,26,16.604458,13.944403,1.2713106,,55.54540669225371,31,-0.042517,1.0,0.0103347512059964,0.0028031519504012,39,96.76091664594527,39_001
66646,70514,70514,1562901563513294208,201.3401316783581,52.42242578807848,10.710013786732626,-18.341189917669737,-6.705280449693269,1.1383433,14.8230715,2.574255,-3.044177,0.014951231,0.016281517,0.017890764,0.022624277,0.019845702,31,16.231697,13.657442,1.2788663,,54.627512631756574,31,-0.041572,1.0,0.0107100137867326,0.0018530043373599,39,93.37056141223502,39_001
66647,70515,70515,1563776774768272768,200.73096302706924,55.00488339764128,11.343544354478212,-19.95110587857831,-5.442186314739719,1.1431919,15.745235,3.0302553,-10.794138,0.024282388,0.023630057,0.03032593,0.029577848,0.029641697,29,17.50795,14.4776945,1.2401755,,56.34141893050764,31,-0.048279,1.0,0.0113435443544782,0.0026130895312537,39,88.15586810882617,39_001
66665,70533,70533,1609838615390487296,212.16384442671344,55.92602059481308,10.75131405156941,-17.475970776421835,-3.421617577394768,1.1094077,13.868431,2.2636728,-3.4065628,0.010841264,0.0101301465,0.013638391,0.012605769,0.01219212,31,15.05041,12.786737,1.3123507,,61.47415039917762,31,-0.035455,1.0,0.0107513140515694,0.001134012079037,39,93.01188628696296,39_001
66682,70550,70550,1604815389143862784,215.21420208058672,51.63115972308089,10.480447332079502,-16.959724223436005,-4.168581097349898,1.0757737,12.329202,1.6203728,-6.1491895,0.007668675,0.008145662,0.009457012,0.0103529915,0.009799969,30,13.096183,11.47581,1.398483,,59.5092172361603,31,-0.005591,1.0,0.0104804473320795,0.0009350716328685,39,95.41577456709406,39_001
66695,70563,70563,1611980464041596672,217.43602122880145,59.24572324229482,10.25964101319206,-16.07149685451483,-2.164627266068748,7.343608,12.480314,1.8279848,-9.215761,0.06082449,0.05303629,0.07310432,0.062247936,0.06300967,23,13.370303,11.542318,1.368253,,65.79727157872433,31,-0.005303,1.0,0.010259641013192,0.0061415082573533,39,97.46929728966005,39_001
66708,70576,70576,1561462715108998528,207.211274140694,54.75575433468661,10.709003097183531,-18.3091665619114,-4.500948503209884,1.1349739,16.337059,3.0643578,,0.032050896,0.034045663,0.039299123,0.043038685,0.0393759,30,18.130697,15.0663395,1.234668,,58.679270967818205,31,-0.048726,1.0,0.0107090030971835,0.0036768968729083,39,93.37937349770708,39_001
66820,70689,70689,1557226812204027648,196.05998844516185,50.59623195111874,10.862089693579067,-7.959391313448929,-12.950058251251583,1.5851896,15.531707,2.784916,-8.551377,0.057880886,0.061167054,0.066749506,0.074453175,0.08560376,29,17.082811,14.297895,,1.1774383,51.14936688627379,95,-0.054478,1.0,0.010862089693579,0.0078809660401352,39,92.06331637927264,39_001
66874,70744,70744,1608751851226140544,214.7091076195935,54.82873683000528,10.295939428247676,-17.42412828281568,-2.9193817364324413,1.313698,13.732266,2.1300898,-5.64591,0.011757667,0.012223009,0.014651745,0.016054546,0.014348986,29,14.825032,12.694942,1.3278054,,61.696590084805095,31,-0.033823,1.0,0.0102959394282476,0.0013936548578202,39,97.12566851903121,39_001
66965,70835,70835,1506907696918058368,215.5051400420488,47.14347959478147,10.342991520433632,-26.77617243500732,11.75339638499195,1.1247178,14.472338,2.483284,-9.648522,0.013144111,0.013848576,0.01662176,0.017565994,0.017208993,30,15.814288,13.331004,1.288745,,56.06793729187304,31,-0.039749,1.0,0.0103429915204336,0.0016638312973574,39,96.68382672695819,39_001
66984,70854,70854,1507694328768620544,214.0994377375198,47.55727693386918,11.218908262846664,-8.477292755941003,-5.391520002716716,1.0503366,16.476973,3.0639858,,0.031050209,0.03540636,0.03830691,0.04206746,0.042921018,29,18.277266,15.21328,1.2371023,,55.84833085304126,31,-0.048871,1.0,0.0112189082628466,0.0038257749323203,39,89.1352328204409,39_001
66985,70855,70855,1508309780400463104,215.6590494396073,49.45087218962195,10.369786472665496,-16.63878675052336,-5.09128041572095,1.7464877,16.265238,3.047474,,0.048029263,0.05370619,0.054577827,0.06305613,0.061541997,29,17.993803,14.946329,1.2442607,,57.98381141114649,31,-0.047025,1.0,0.0103697864726654,0.0059347410057307,39,96.43400108922057,39_001
67015,70886,70886,1560632789988882304,207.1276249430799,52.59343318050256,10.644652685204818,-18.16006889712397,-5.559983126557765,1.0890273,15.32122,2.7660046,,0.020613473,0.022218179,0.024895303,0.0290749,0.027992435,29,16.87675,14.110746,1.2593951,,57.03228361010784,31,-0.044238,1.0,0.0106446526852048,0.0026297180216041,39,93.94388239551662,39_001
67017,70888,70888,1560784144636654976,206.31848019182303,52.247262089728125,10.724622657625565,-15.536972062714074,-4.29048481688275,6.4574103,10.475149,1.0987387,-9.634292,0.059187092,0.06032509,0.069735944,0.07405001,0.074056774,30,10.918112,9.819373,,1.5143307,56.4488939011672,95,-0.023098,1.0,0.0107246226576255,0.006905303465138,39,93.24337386257339,39_001
67047,70918,70918,1618443698331637248,217.2767353551444,61.45976054224024,10.450990545112433,-16.09230936158565,-6.336114300482062,1.0469251,18.421614,3.4721165,,0.13413149,0.12268083,0.17268886,0.16005193,0.13676876,26,20.508202,17.036085,1.1863261,,67.08698838877008,31,-0.033742,1.0,0.0104509905451124,0.0130866791439173,39,95.68471004575433,39_001
67053,70924,70924,1610939879365230464,217.8970089527187,57.39400560769396,10.013881512606249,-16.720793758825767,-1.2683306654541444,1.0913032,16.47434,3.1807203,,0.040852033,0.04388522,0.04543994,0.05599245,0.04683324,25,18.354185,15.173465,1.2254745,,64.76192357625234,31,-0.049605,1.0,0.0100138815126062,0.0046768318499717,39,99.86137730320931,39_001
67065,70936,70936,1618562621681728256,220.2993487133768,61.1291773488913,12.65469266693666,-12.69648244745243,-9.362089845573196,1.1167405,14.425846,2.4629354,-6.791474,0.016726712,0.014968234,0.024683436,0.02061314,0.016854955,26,15.750775,13.28784,1.290624,,68.07453434605485,31,-0.036673,1.0,0.0126546926669366,0.0013319134208638,39,79.02206922912781,39_001
67187,71059,71059,1512260909796696832,210.7488849623496,50.97178326428549,10.376406544764878,-14.847976614383402,-5.439306955323948,1.1887385,6.155564,0.01679945,-5.9389443,0.035145678,0.040127505,0.040781107,0.05312776,0.047294825,30,6.1497903,6.132991,,1.7364577,57.22452121829648,95,-0.027775,1.0,0.0103764065447648,0.004557919429618,39,96.37247689611094,39_001
67211,71084,71084,1546868038283144192,180.9794022269957,50.04343183140361,10.562271237368996,-24.10608334886666,-4.142136063557107,1.4575223,10.913694,1.3267679,-6.848369,0.009225889,0.012129459,0.011015499,0.014707852,0.018283967,28,11.162234,9.835466,,1.4988623,45.04366694789792,95,-0.028559,1.0,0.0105622712373689,0.0017310639529225,39,94.67660671902074,39_001
67215,71088,71088,1564395731095646720,195.7296735713387,55.23623765317513,10.49326435004062,-18.3558983968545,-8.051417468061336,1.0221539,16.85488,3.1359234,,0.04125649,0.042985905,0.05222151,0.062344078,0.05241928,28,18.705761,15.569838,1.2301093,,54.60801234706393,31,-0.050379,1.0,0.0104932643500406,0.0049955169574849,39,95.29922878538088,39_001
67232,71105,71105,1578607537359458944,194.7875651380431,58.24881175763658,10.527447054488402,17.127236154489246,-9.657902387764947,1.0544665,15.197472,2.5655174,-12.441881,0.017941475,0.019360693,0.025078164,0.025104744,0.022517169,28,16.600582,14.035065,1.2794465,,56.470311248679856,31,-0.040922,1.0,0.0105274470544884,0.0021389011869121,39,94.98979143035896,39_001
67282,71155,71155,1571754929923400320,188.3379305734084,57.30530056643105,10.695573127379058,-26.908115828237293,-7.452356381112221,11.192655,12.208393,1.7688026,-9.125078,0.07882796,0.08241429,0.10488651,0.1066933,0.104944415,28,13.05226,11.283458,1.3766507,,53.44396497976616,31,-0.004131,1.0,0.010695573127379,0.0098119487146844,39,93.49662594893171,39_001
67298,71171,71171,1507362482414976896,216.64716446444567,48.297276281916346,10.29939090794028,-16.64117711064007,-3.665312250300608,1.1053907,15.626624,2.8061905,-16.6058,0.023496324,0.02513283,0.028984113,0.030505108,0.030596226,28,17.206474,14.400284,1.2561136,,57.453012416078096,31,-0.044705,1.0,0.0102993909079402,0.0029706830504328,39,97.09312025714658,39_001
67343,71216,71216,1542063687865662720,189.12437410897044,45.96838742720877,11.775573124318605,-20.913411426446377,-11.61628760671038,1.0464225,16.787872,3.1420975,,0.027182732,0.0360139,0.0335886,0.053037386,0.06309063,26,18.63367,15.491573,1.2300595,,44.706306237961655,31,-0.050862,1.0,0.0117755731243186,0.0053577545087556,39,84.92155663615443,39_001
67426,71302,71302,1577006820227984000,195.81945971899785,57.31520507130076,10.624054587972026,-17.17662377391059,-8.243358761937367,1.0148244,8.980788,0.6996031,-3.9990566,0.0099395,0.01159177,0.013402054,0.015159436,0.013147975,28,9.243949,8.544346,1.5856023,,56.1769279078335,31,-0.020771,1.0,0.010624054587972,0.0012375665892083,39,94.12602238811421,39_001
67447,71323,71323,1592384486775784064,223.883981096116,49.5939362134669,10.08458340310019,-13.915853686352024,-1.032842756030753,7.9863586,14.324874,2.5018806,,0.18736966,0.1738429,0.23398818,0.25394326,0.20780498,26,15.063732,12.5618515,,1.3298422,61.326616759160224,95,-0.03325,1.0,0.0100845834031001,0.0206062037164685,39,99.16126031468887,39_001
67496,71372,71372,1512596638799969408,208.6521052540652,52.01121472271308,10.559477801936731,-17.666155495208738,-4.307515468276906,1.082067,14.0894,2.3238401,-7.061852,0.011992299,0.012864259,0.015290008,0.016963542,0.016236138,29,15.311096,12.987256,1.3060988,,57.1921277489496,31,-0.03722,1.0,0.0105594778019367,0.0015375891028457,39,94.70165274807351,39_001
67497,71373,71373,1512895774681556736,211.62176545596,52.985328011452815,10.470009130394446,-18.02442513164145,-2.868214296408601,1.0010779,12.022645,1.4922018,-4.3534102,0.008019453,0.008600603,0.009486062,0.010059122,0.009942427,30,12.713207,11.221005,1.4202356,,59.10933572369221,31,-0.016494,1.0,0.0104700091303944,0.0009496101556527,39,95.51090047257011,39_001
67649,71527,71527,1604818863774386944,215.13420237197863,51.6699023416577,10.557408083126443,-17.133586873607506,-3.123293391756758,1.1381439,13.765037,2.163515,-5.4217253,0.010480709,0.011429808,0.012323504,0.013963133,0.013666768,28,14.879142,12.715627,1.3251762,,59.50715444148494,31,-0.034609,1.0,0.0105574080831264,0.0012945192505955,39,94.72021845951669,39_001
67651,71529,71529,1606929445063211776,219.8597882532692,54.77405497686436,11.076024007101156,-18.075597419653008,-2.802140835551225,1.0349728,9.685638,0.8393717,-5.968525,0.010290675,0.011751452,0.012856592,0.016771777,0.012632388,29,10.022681,9.18331,1.551443,,63.70513226963027,31,-0.017681,1.0,0.0110760240071011,0.0011405164878571,39,90.28510586099095,39_001
67652,71530,71530,1606990605397021312,218.9404000976315,54.3658137605187,10.847807689175834,-13.403669586989142,-13.378207972202857,1.665535,17.33237,3.423871,,0.09295441,0.10302356,0.11078569,0.12605962,0.11707047,26,19.410965,15.987094,1.2066382,,63.04249888203007,31,-0.055223,1.0,0.0108478076891758,0.0107920856779951,39,92.18452508130501,39_001
67679,71558,71558,1546868038283801728,180.98002444239475,50.043386657439456,10.798728914216776,-23.14395809290263,-13.931751548037305,6.426737,11.395001,1.133028,-2.5050664,0.24119931,0.34448415,0.27473292,0.3951737,0.52266234,27,11.036715,9.903687,,1.0541197,45.043854535787,95,-0.042033,0.091552734,0.0107987289142167,0.0484003575005853,39,92.60349138716539,39_001
67729,71610,71610,1603708975505235584,218.20670685339311,49.89910707107698,11.197375409924089,-1.052795847553656,-1.9632021248790623,0.96008503,9.923798,0.90530586,-8.756983,0.009743679,0.010397187,0.011820743,0.013770674,0.012196781,27,10.293089,9.387783,1.5359737,,59.346479766572585,31,-0.019183,1.0,0.011197375409924,0.0010892535575068,39,89.30664226133929,39_001
67746,71628,71628,1557887172015032960,197.6015055270926,52.93485509200187,10.211677155491554,-11.249190771834344,-15.8634469071824,1.9357979,9.785723,0.8429079,-31.93769,0.019252604,0.02128489,0.023766337,0.027946765,0.026402617,28,10.11094,9.268032,1.5519941,,53.57208198745533,31,-0.020896,1.0,0.0102116771554915,0.0025855318962763,39,97.92710685748945,39_001
67765,71647,71647,1584856779198650112,185.06655621978928,64.58722117935119,11.50105279501405,-18.92737222490792,-11.729696909212576,1.0630536,16.986792,3.3126297,,0.053108446,0.05272839,0.06616782,0.07312378,0.061040446,26,18.976736,15.664106,1.2156982,,57.54159782116883,31,-0.052737,1.0,0.011501052795014,0.0053073789928572,39,86.94856182501184,39_001
67902,71786,71786,1606191329163112576,222.52342261314223,53.63571119379455,10.120466161605773,-14.897927736782766,0.0301286061371865,1.6962775,13.139915,1.9484434,-9.030674,0.021023452,0.017791335,0.024811178,0.024342079,0.022539377,25,14.02941,12.080967,1.3675807,,63.925478878055806,31,-0.030531,1.0,0.0101204661616057,0.0022271085778151,39,98.80967773932474,39_001
67907,71791,71791,1608114100122827904,214.0046107882711,52.78628104247988,10.688672815589689,-19.021730586924576,-5.580662091712571,0.935837,9.9886875,0.9558792,-4.779266,0.009248568,0.01028393,0.011116137,0.014145565,0.0125966985,30,10.198239,9.24236,1.5369393,,59.90681794440523,31,-0.018857,1.0,0.0106886728155896,0.0011785091299293,39,93.55698478687493,39_001
67914,71798,71798,1530810976628569344,195.2535410650656,46.072317998656935,11.894379129719416,-20.513259576706897,-9.208617840947806,1.1665444,14.750821,2.6787596,-6.2627244,0.013829252,0.016667044,0.016334623,0.019171875,0.024843391,28,16.23526,13.5565,1.2689006,,47.17112452561634,31,-0.045309,1.0,0.0118943791297194,0.0020886664809536,39,84.07332481116154,39_001
67937,71822,71822,1560938316782309248,206.6102532533198,53.081943831120114,10.361001227256583,-18.538103911263573,-3.5199956252510347,15.65725,14.441871,2.8844252,-6.8248835,0.16954224,0.1913206,0.19916168,0.23889,0.21962897,27,16.048073,13.163648,1.2492795,,57.19779113095567,31,-0.046352,1.0,0.0103610012272565,0.0211976589117878,39,96.51576889782794,39_001
67939,71824,71824,1561964917045160192,203.62855666353977,54.43217807986751,10.430980243381857,-21.071104010079853,-0.1041128921684485,22.880777,12.803989,1.9622803,-4.6107254,0.18524683,0.20872302,0.2093797,0.26825055,0.25888553,27,13.720402,11.7581215,1.3503393,,57.03900096872716,31,-0.010196,1.0,0.0104309802433818,0.024818907136197,39,95.86826709162597,39_001
67973,71858,71858,1604441971804002176,216.4727540994714,50.41645745976268,10.961418431414383,-17.403084383688867,-3.701031656269465,1.1111119,13.654587,2.160471,-6.6172442,0.00953614,0.01010617,0.010491796,0.01152342,0.011931422,29,14.766211,12.60574,1.3255148,,59.06708271244124,31,-0.034714,1.0,0.0109614184314143,0.0010884925226287,39,91.22906914438214,39_001
67974,71859,71859,1604774127395060992,215.1359874971253,51.28863861897915,10.497092157984907,-17.336138317984954,-3.477289486086301,0.9538837,18.698715,3.7928867,,0.11322458,0.11161883,0.13601097,0.15090995,0.1455428,30,21.041697,17.24881,,1.1176637,59.2143776268562,95,-0.039773,1.0,0.0104970921579849,0.0138650588000495,39,95.2644775286004,39_001
67980,71865,71865,1607285240153564800,221.58006176319927,55.22815944413273,10.68583019305846,-13.720616556837848,-4.598390331591357,1.1647576,15.576284,2.836543,,0.02618053,0.024148114,0.03449702,0.0327385,0.02864341,26,17.186687,14.350144,1.2547656,,64.71625298744512,31,-0.043247,1.0,0.0106858301930584,0.0026805039461142,39,93.58187262320601,39_001
68040,71925,71925,1506360518084440704,213.12104379523885,47.37924199382439,10.297644928423086,-17.6663497388611,-4.746481458126102,1.0671048,15.726617,2.8657799,,0.021657495,0.026586182,0.027185766,0.031687535,0.030908313,26,17.355383,14.489603,1.2516205,,55.31643801488415,31,-0.046135,1.0,0.010297644928423,0.0030014933720124,39,97.10958252598654,39_001
68069,71954,71954,1559808671664081408,202.3837359941197,51.70309379019886,10.501969623859283,-13.395026310047063,-16.937880536067375,13.929847,11.971094,1.5781708,-10.123064,0.11805324,0.12553963,0.14039364,0.15264806,0.16029125,30,12.6756,11.097429,1.4095328,,54.48117527125527,31,-0.019284,1.0,0.0105019696238592,0.0152629702561542,39,95.2202335196363,39_001
68150,72036,72036,1607844444896321024,214.629653489795,52.0333071158289,10.412291782488948,-17.184273462934392,-3.082188090538351,0.96637976,6.9035597,0.18556404,-8.083793,0.015797703,0.015742913,0.01849762,0.018849311,0.019368181,29,6.959429,6.7738647,1.7048297,,59.5845818986223,31,-0.025867,1.0,0.0104122917824889,0.0018601266084929,39,96.04033587320055,39_001
68223,72109,72109,1511712287853606272,214.3380116216902,51.30733156466878,10.572339060874386,-9.653540352940505,-0.8658850647995854,2.1472328,6.1935115,0.080638885,-5.5392065,0.05161717,0.055241395,0.06461723,0.06450615,0.06933667,26,6.204734,6.124095,1.733907,,58.91155396516144,31,-0.029421,1.0,0.0105723390608743,0.0065583093391885,39,94.58644811163511,39_001
68411,72299,72299,1561732267256950784,204.7696511553604,53.76988504909512,10.076171736646192,-17.067225385119798,-1.3203690426497283,1.2255975,15.537539,2.6964483,-12.3789215,0.02527105,0.026237233,0.028887685,0.030333683,0.03214619,28,17.041086,14.344638,1.2664356,,56.99111647364684,31,-0.042917,1.0,0.0100761717366461,0.0031903177953078,39,99.24404090524708,39_001
68421,72309,72309,1565932436033063552,201.06182105134468,57.49068364166816,10.320562969853222,-17.324875099373152,-8.155800283530073,1.2755277,16.5828,3.085907,,0.06890065,0.10162654,0.08575777,0.1265985,0.09466016,18,17.657206,14.571299,,1.2250156,58.270849972719,95,-0.06269,1.0,0.0103205629698532,0.009171995779349,39,96.89393911175604,39_001
68428,72316,72316,1568098405222585600,191.7620198027893,50.57455869427148,10.998127141226217,-19.63938336241236,-8.543337791170309,1.1043159,17.845955,4.0350933,,0.072622426,0.086017415,0.090356015,0.11405676,0.11597978,28,20.446665,16.411572,,1.1316733,49.48236565752849,95,-0.060753,1.0,0.0109981271412262,0.010545411824278,39,90.92457171653575,39_001
68431,72319,72319,1568888851003204736,187.417849111937,51.87564997180689,10.812834343903866,-23.159995228035832,-2.401411736968221,1.145777,15.520648,3.1102333,32.253433,0.020099007,0.023085507,0.024906736,0.03032419,0.032588795,31,17.346163,14.2359295,1.2312156,,48.89126468552202,31,-0.052349,1.0,0.0108128343439038,0.0030138994054202,39,92.4826893851188,39_001
68453,72341,72341,1545902181738088448,182.765608365478,47.22423785256908,10.27646337528563,-1.8009077497123187,-10.622148979761878,1.2334797,11.370667,1.2523127,-16.564514,0.010167686,0.013334979,0.013518341,0.01782171,0.019836001,25,11.921513,10.6692,1.4627148,,43.35228589786772,31,-0.034557,1.0,0.0102764633752856,0.0019302361401593,39,97.30974202710163,39_001
68484,72372,72372,1575260142928002688,182.4482457836548,57.00684121778063,10.512885544462602,-17.968457125415096,-10.857965941931374,1.0953928,13.279838,2.005662,-8.612652,0.009595626,0.0086114975,0.011909551,0.012473354,0.011795173,29,14.281599,12.275937,1.3442245,,51.1487972827608,31,-0.035342,1.0,0.0105128855444626,0.0011219729302781,39,95.12136280478437,39_001
68488,72376,72376,1576654564191577216,192.48077809733283,56.19703216434886,10.0398119136774,-20.018397465544943,-9.42883070644101,7.0015798,15.059061,2.5289907,-8.148018,0.32471934,0.36706686,0.37358975,0.4745738,0.46104947,30,16.25676,13.727769,,1.145202,54.116683473831806,95,-0.051462,0.91503906,0.0100398119136774,0.0459221222433365,39,99.6034595665765,39_001
68509,72397,72397,1609576313148316288,212.83331855176823,55.288386154072846,10.52231488412822,-17.60680747466411,-2.9713140245319067,1.1188798,17.479708,3.411234,,0.07034318,0.07218581,0.08410117,0.09163424,0.08639395,26,19.554943,16.14371,1.2116854,,61.28388455539027,31,-0.054779,1.0,0.0105223148841282,0.0082105459636373,39,95.03612190017182,39_001
68612,72500,72500,1573807035232718208,180.8360919982788,55.78249105703892,10.217039268843518,22.07453624056096,-3.542343280338547,1.0306842,16.703117,2.9984846,,0.034238186,0.03396645,0.044349197,0.044985443,0.04953784,30,18.445444,15.4469595,1.2421201,,49.63535508840449,31,-0.048606,1.0,0.0102170392688435,0.0048485513950273,39,97.8757126880646,39_001
68620,72508,72508,1543464190801219584,189.95197463366867,48.69741998862519,11.364879420461625,-20.21095520125999,-9.829547930887175,1.1159334,14.052193,2.419073,-18.565098,0.009190286,0.01047078,0.011017888,0.013401013,0.016163861,31,15.343701,12.924628,1.2939814,,47.274970965299154,31,-0.041523,1.0,0.0113648794204616,0.0014222641879418,39,87.9903748208341,39_001
68658,72546,72546,1510428711107863680,208.73773752708564,48.848441098646425,10.984695405620965,-19.493768317722434,-5.849823777382776,1.9728566,16.209713,3.150981,,0.051579483,0.05837912,0.0596782,0.068154275,0.07084366,30,18.03333,14.88235,1.2281779,,54.754979611328,31,-0.049726,1.0,0.0109846954056209,0.0064493058190533,39,91.0357513862694,39_001
68671,72559,72559,1603491650160165120,219.5373814013653,49.99996339406625,10.652167559510977,-16.63987039834123,-2.681887155474525,2.240379,16.16731,2.9885387,,0.068620875,0.06406669,0.076866485,0.0803801,0.080248475,29,17.898182,14.909643,1.2413975,,59.950939027598686,31,-0.047389,1.0,0.0106521675595109,0.0075335347995299,39,93.87760701408978,39_001
68678,72566,72566,1604782957847783296,214.7199219883917,51.28861632454139,10.09263374696739,-4.522279162828126,-11.254316612029305,1.0173397,10.073616,0.8844032,-7.0601287,0.010572308,0.010888858,0.013209989,0.013938363,0.012892488,28,10.432266,9.547863,1.541546,,59.0489628658621,31,-0.018831,1.0,0.0100926337469673,0.0012774156204641,39,99.08216478186246,39_001
68679,72567,72567,1605293406120858624,217.2357169755937,52.67543040345582,10.866256941653685,-21.416134181499256,4.406655930773803,1.0498413,16.096203,2.5776052,,0.036324646,0.032956123,0.043215495,0.04321942,0.0412948,29,17.509928,14.9323225,,1.2311406,61.10818770596811,95,-0.058333,1.0,0.0108662569416536,0.0038002782578888,39,92.02800977093612,39_001
68702,72590,72590,1657605111353175552,209.97615335014785,56.52355405374043,10.946624042310525,-14.943217743954635,-14.860316673233756,1.0018287,17.310705,3.2028847,,0.062893115,0.06877054,0.07923143,0.082949474,0.07693672,29,19.208164,16.00528,,1.15111,61.03434224051725,95,-0.068982,1.0,0.0109466240423105,0.0070283513622671,39,91.35236545393683,39_001
68723,72611,72611,1658087247202105984,211.80966188474136,57.41520987480593,10.627000861382117,-22.31560214184632,17.835336976673524,0.96052796,18.916134,0.7672787,,0.12897554,0.14367086,0.16365747,0.18015935,0.16213778,31,18.963942,18.196663,,1.4942924,62.372648015656026,95,-0.014383,1.0,0.0106270008613821,0.015257153181308,39,94.09992650268256,39_001
68768,72657,72657,1570799664772864768,190.51388046316103,54.13552242198212,10.224423064007157,33.68658029715829,-1.5700498947712744,1.0944306,14.741324,2.5887575,-10.320304,0.013657365,0.014815257,0.016626462,0.019956382,0.020047696,29,16.16035,13.571593,1.2776517,,51.818534080430496,31,-0.042548,1.0,0.0102244230640071,0.0019607654998719,39,97.80502955910409,39_001
68777,72666,72666,1510792889974671872,207.70345865850035,50.03408520889119,11.610150933652632,-10.228191813972742,-5.7617726854738365,1.1022404,13.704892,2.1911688,-2.5951133,0.009086096,0.010308984,0.01166985,0.01333825,0.011927457,31,14.837798,12.646629,1.3209354,,55.28207446162937,31,-0.036153,1.0,0.0116101509336526,0.0010273300552387,39,86.13152453526253,39_001
68792,72681,72681,1546508944658745216,182.10868222427808,48.96843928261956,10.142326694801934,4.207001028914162,-12.8147185579355,1.0752395,7.698393,0.42572546,-10.030329,0.011327805,0.014600747,0.012159459,0.017095331,0.022989973,28,7.8446226,7.418897,1.6497387,,44.56430215940353,31,-0.028051,1.0,0.0101423266948019,0.0022667356013864,39,98.59670567627401,39_001
68821,72710,72710,1552031890343917952,202.8310785423368,47.74900609260845,10.823268016853694,-18.62254151954148,-6.572385458565233,1.002365,18.465693,3.833252,,0.095148996,0.10276192,0.11025728,0.12598962,0.13527492,31,20.879774,17.046522,,1.0802132,51.527219955794976,95,-0.045045,1.0,0.0108232680168536,0.0124985281515115,39,92.39353570870057,39_001
68822,72711,72711,1552233483225261568,205.35041711197,47.87871667911601,11.482753299487818,-20.54460571500598,-9.216264851303375,2.5152862,15.247057,3.019948,,0.040248048,0.048724342,0.046547886,0.057604957,0.059476975,29,16.994595,13.974647,1.239542,,52.63146632414633,31,-0.049487,1.0,0.0114827532994878,0.0051796789018059,39,87.08712744395598,39_001
68826,72715,72715,1554080521024648576,196.4495559522163,46.48856290069309,11.37790169011724,-20.591320539505546,-8.22890021824307,0.9974014,19.632645,3.0654907,,0.19131583,0.2096526,0.23225577,0.25551155,0.31129962,30,21.152521,18.08703,,1.0255121,47.98279408216628,95,-0.031126,1.0,0.0113779016901172,0.0273600201933887,39,87.88966781709811,39_001
68829,72718,72718,1554963123921967616,194.41094409154647,47.46674940205161,10.655756777939198,-22.34635443961009,17.208114854803775,1.0927838,9.594339,0.8069792,-21.622335,0.008829345,0.009919385,0.010373598,0.0124866385,0.014494629,31,9.913869,9.10689,1.5582234,,47.98782107338888,31,-0.023134,1.0,0.0106557567779391,0.0013602627483022,39,93.8459858684394,39_001
68831,72720,72720,1512308601113032192,210.069345510556,51.25664839924124,10.443989393017167,-17.289353815165015,-4.30216217413285,1.0575113,15.742006,2.8025942,,0.02175825,0.024754317,0.025551306,0.031262584,0.02936353,30,17.324177,14.521583,1.2561108,,57.17483384305798,31,-0.044757,1.0,0.0104439893930171,0.0028115243031204,39,95.74885250923413,39_001
68832,72721,72721,1512320558301938432,209.59926706115223,51.37842563342229,10.98577490560466,-18.26308496097136,-4.455677555173475,1.0608897,13.909266,2.261839,-4.183278,0.011396824,0.0123455245,0.016310142,0.015869657,0.014620056,27,15.09135,12.829511,1.3128446,,57.08204972192968,31,-0.036498,1.0,0.0109857749056046,0.0013308169997676,39,91.02680590058614,39_001
68835,72724,72724,1512773179135101312,210.5897453922504,52.41773989756661,10.69058795670978,-13.553977487769654,-5.646481226319645,1.6485364,10.225393,0.95687866,-5.550122,0.019512052,0.021234531,0.022192532,0.024058808,0.023920445,28,10.620052,9.663174,1.5243435,,58.27078975951045,31,-0.019521,1.0,0.0106905879567097,0.0022375238010166,39,93.54022473313763,39_001
68860,72749,72749,1607164362593977472,219.06419349149672,55.13960842991849,10.168185492318107,-15.750288110592017,-2.0825996741783097,0.9217122,9.531792,0.7782326,-6.1993723,0.009673799,0.009422167,0.0121709,0.012318592,0.010906387,26,9.837403,9.059171,1.5660989,,63.65241701615853,31,-0.017546,1.0,0.0101681854923181,0.0010725991385817,39,98.34596356994902,39_001
68893,72782,72782,1662057686768790144,204.0237770852934,58.81589457080261,10.234070283829642,-16.74120718925411,-5.682510118218834,1.2587428,15.421317,2.9623013,,0.026094534,0.025718486,0.035103723,0.035803728,0.030367106,29,17.034382,14.072081,1.2482095,,60.3154187598247,31,-0.04562,1.0,0.0102340702838296,0.0029672559556271,39,97.7128329458569,39_001
68960,72850,72850,1577630346400767616,190.4597383516196,57.65213282255521,10.559761963208302,-22.82632672995375,-9.701237780419842,18.652927,13.949293,2.39639,-4.897642,0.27730605,0.21990994,0.3468833,0.2829894,0.30083877,28,14.961974,12.565584,,1.3304775,54.46313011344489,95,-0.034289,1.0,0.0105597619632083,0.0284891620709031,39,94.69910434384231,39_001
68963,72853,72853,1579822532067683328,193.3771627403773,60.30257825040097,12.387498428047063,-20.150788977397166,-9.06065751601017,1.0488349,11.800293,1.5500412,-6.263213,0.009945417,0.009769062,0.012432193,0.012689439,0.0123857865,27,12.527001,10.97696,1.4090889,,57.412268101302296,31,-0.029171,1.0,0.012387498428047,0.0009998618019564,39,80.72654909371069,39_001
68984,72875,72875,1552239530539219328,205.56722646828496,48.07969910933424,10.730632827261507,-18.355303334498487,-5.830740677427246,1.4190738,14.365506,2.652234,-0.770586,0.015704604,0.018924033,0.018910544,0.023587475,0.022701832,28,15.832271,13.180037,1.2710491,,52.87935979034953,31,-0.04341,1.0,0.0107306328272615,0.002115609802837,39,93.19114875121527,39_001
68998,72889,72889,1559228365746156672,204.6428082782953,51.91688520898789,10.589368134505138,-13.842912240876858,-10.502618987420512,1.0831304,19.813625,3.0347195,,0.26568,0.25252554,0.32799065,0.33520094,0.31689802,30,21.367697,18.332977,,1.0438741,55.53449032832445,95,-0.034968,1.0,0.0105893681345051,0.0299260556413557,39,94.43434086888846,39_001
68999,72890,72890,1559292485314843008,205.97810999022136,52.06438914376727,10.788256585918775,-18.291861137549343,-5.4500554582432015,0.876659,6.023171,0.003841877,-2.7959075,0.020988097,0.027905265,0.026196133,0.032749366,0.029746177,25,6.0130553,6.0092134,1.7558763,,56.17452415767873,31,-0.031117,1.0,0.0107882565859187,0.0027572737784922,39,92.69338303514614,39_001
69004,72895,72895,1561366782719556480,207.1141916991732,54.04269756576576,10.954710885759788,-18.523233894657256,-4.095720350202581,0.9197039,10.805786,1.115099,-4.851913,0.009099868,0.0091673,0.010749219,0.011882495,0.011239897,29,11.285114,10.170015,1.48964,,58.11525805762534,31,-0.020656,1.0,0.0109547108857597,0.001026033194049,39,91.28492850504388,39_001
69090,72981,72981,1663286184854047232,199.7488870419604,60.52005013273418,10.02613676826859,-17.584833166310204,-6.579875229596122,1.0448178,15.994482,2.8984995,,0.029147953,0.032333132,0.03828021,0.03945541,0.038258106,25,17.643831,14.745332,1.2486185,,59.864296072924425,31,-0.045546,1.0,0.0100261367682685,0.0038158372346447,39,99.73931366714226,39_001
69096,72987,72987,1666878525564521856,214.8000633244486,62.98616228579668,10.228229386017375,4.464258703100694,-15.058086032509577,1.0758312,11.957146,1.5058727,-20.809998,0.009584505,0.009271993,0.011463513,0.011419219,0.0103252595,29,12.65707,11.151197,1.416579,,66.99847232244178,31,-0.019361,1.0,0.0102282293860173,0.0010094865015557,39,97.76863250320427,39_001
69106,72997,72997,1660473290513039488,213.47090297334145,60.57863586982744,10.042753996316216,-16.923263472864413,-2.4436653042372614,1.049407,15.902233,2.8952541,,0.02824035,0.027150223,0.03645344,0.035153482,0.030279305,28,17.553148,14.657894,1.2472991,,65.08320537711131,31,-0.044635,1.0,0.0100427539963162,0.0030150399990985,39,99.57428015928816,39_001
69112,73004,73004,1665235447171350528,203.4320916785864,62.51187839885181,10.054049347763248,-17.380878598245523,-8.00842352204697,0.9733398,16.012785,2.8881207,,0.028682768,0.025376268,0.041132305,0.03355745,0.030465098,29,17.65908,14.77096,1.2452705,,62.48812295057808,31,-0.045859,1.0,0.0100540493477632,0.003030132133455,39,99.46241214963575,39_001
69134,73026,73026,1618223177530706944,216.73925695154696,60.08653280125137,10.093682663501388,-16.207176329679783,-0.8870752628099116,1.8869666,20.207531,2.7002563,,0.7167184,0.7429078,0.9861991,1.0252118,0.87306726,23,21.27198,18.571724,,1.054297,66.05189073294326,95,-0.045902,0.011001587,0.0100936826635013,0.0864964046429752,39,99.0718683494969,39_001
69326,73220,73220,1558277361204067072,205.317863724616,48.68199472609562,10.542007869072824,-5.604041616766404,-17.87004478083559,1.1074334,14.278959,2.2610874,8.579259,0.011473632,0.01415557,0.015130773,0.018894216,0.018110516,28,15.460637,13.19955,1.3128488,,53.26314433454059,31,-0.037454,1.0,0.0105420078690728,0.0017179380081028,39,94.85858978854593,39_001
69337,73232,73232,1585189420121547776,181.76261912360224,65.79992162906461,11.41245031933868,-4.685411412172205,-2.407212934674739,20.419418,15.252608,2.8223858,-25.944887,0.4645215,0.45062858,0.5715817,0.6473399,0.5691436,24,16.66654,13.844154,1.2545704,,57.3380000224767,31,-0.045104,0.48535156,0.0114124503193386,0.0498704120565214,39,87.62360159460955,39_001
69357,73253,73253,1562168906517715584,203.52278187149847,55.34975916998041,10.927384355519706,-18.26047273012332,-6.79973341247672,5.0833087,15.760731,2.7894764,,0.11750156,0.17564964,0.12929551,0.1994704,0.16184561,23,17.182802,14.393326,1.2661455,,57.67410739530772,31,-0.042752,1.0,0.0109273843555197,0.0148110110099904,39,91.51320823586428,39_001
69379,73275,73275,1565832346115967616,202.95714205653823,57.74044738926737,10.394057865786934,22.60947575712417,-8.150646728370806,1.8364938,14.731979,2.5149736,-13.190834,0.028602963,0.027517412,0.03357266,0.034050092,0.03361251,29,16.095499,13.580525,1.2838517,,59.167656075105306,31,-0.039628,1.0,0.0103940578657869,0.0032338197876152,39,96.20881593238015,39_001
69385,73281,73281,1567438595166911616,193.1510462472492,49.60009884857774,10.56492445581006,-11.049466314404986,-2.843536235758476,1.1417866,13.600447,2.1108065,-18.49526,0.0084525095,0.009919564,0.0100037325,0.012200884,0.013116956,31,14.676406,12.565599,1.3303802,,49.231553454202135,31,-0.036959,1.0,0.01056492445581,0.0012415570082743,39,94.65283014400231,39_001
69457,73353,73353,1666483805185815680,217.28872915682257,61.51500075841534,10.244845533691452,-16.409035325277777,-3.69726564200032,3.323927,15.611341,2.9134207,,0.08574652,0.080922015,0.10856415,0.106073,0.09072721,26,17.259544,14.346124,1.2452872,,67.1237694826895,31,-0.044687,1.0,0.0102448455336914,0.0088558885247837,39,97.6100612460559,39_001
69458,73354,73354,1667493049485230336,213.58817749037968,62.36095065275341,10.730066375410455,-6.0346029927797495,-19.50896269757881,44.220074,14.748328,1.4904661,6.931189,0.57077503,0.5918218,0.73795545,0.76529825,0.6402783,26,14.960207,13.469741,1.4156724,,66.18741630500296,31,-0.027423,0.5449219,0.0107300663754104,0.0596714202502319,39,93.19606841311382,39_001
69491,73387,73387,1560860938651474816,206.0294915421328,52.78968237891682,11.039167150546858,-17.46386392507973,-7.723083003230791,1.9712938,14.003002,2.3981867,-0.5950798,0.019000156,0.021425104,0.022048267,0.025214616,0.025176767,28,15.279948,12.881762,1.2972668,,56.74776289465756,31,-0.038476,1.0,0.0110391671505468,0.0022806763097841,39,90.58654392695442,39_001
69493,73389,73389,1561672378233017728,205.39703779303,53.56215895126103,10.573745830135238,-18.367209659140936,-4.73164049885615,1.168802,14.321616,2.5972614,-0.330776,0.012859488,0.013735541,0.01669194,0.018218523,0.016812166,30,15.74912,13.151858,1.2759247,,57.08156763720032,31,-0.041488,1.0,0.0105737458301352,0.0015899915006548,39,94.5738639896183,39_001
69497,73393,73393,1562168842092340352,203.5302901144574,55.348408099621295,10.830013036145385,-19.066097437766068,-5.966318691679572,1.0112944,5.5928698,-0.023746014,-4.234727,0.040719826,0.04402709,0.047563877,0.05098106,0.05575233,24,5.573586,5.597332,1.7640985,,57.676031083241845,31,-0.030701,1.0,0.0108300130361453,0.0051479467119684,39,92.33599227096846,39_001
69543,73439,73439,1568889052865505920,187.4061560032825,51.88305118785628,10.89608420746486,-23.438210041709542,-1.886204066216553,1.0861462,20.137304,2.8763847,,0.3045387,0.3328833,0.36894572,0.42306823,0.4944225,31,21.485415,18.60903,,1.127915,48.89285530001905,95,-0.035942,1.0,0.0108960842074648,0.045376163636958,39,91.776089552879,39_001
69644,73541,73541,1676550242160136448,192.8681069958535,62.71956847777751,10.808126722883918,-28.83600749850013,-16.361172937649904,1.1918991,19.565071,3.1751175,,0.28576535,0.27390745,0.35234886,0.38094035,0.32265186,27,21.291307,18.11619,,1.1167673,58.8746065556723,95,-0.03509,1.0,0.0108081267228839,0.0298527088248191,39,92.52297143062854,39_001
69711,73609,73609,1576677516496234496,192.2101915409717,56.51592849862149,10.539164775887674,-15.989221319201617,17.85743754416712,3.2836306,16.780565,3.2841597,,0.110300444,0.11410318,0.14050399,0.14489563,0.14793216,29,18.662285,15.378125,1.2173645,,54.255564166171325,31,-0.052167,1.0,0.0105391647758876,0.0140364215899205,39,94.88417927461246,39_001
69844,73743,73743,1566766484322815232,199.2931869034529,58.01911470518523,10.70794120980184,-18.152637777836148,-6.130067656144383,1.0618576,16.136408,2.9155931,,0.03211646,0.02871592,0.040822715,0.035778217,0.03710143,27,17.813604,14.898011,1.2460873,,57.97743922452295,31,-0.046427,1.0,0.0107079412098018,0.0034648518583607,39,93.38863376319468,39_001
69852,73751,73751,1570673117856950784,190.68919385214352,53.494795904364494,11.09919983023466,-19.898401328129427,-8.420473123119953,1.0713494,13.0743685,1.9627037,-6.3907557,0.016187012,0.017839635,0.018318657,0.022079313,0.024048682,29,14.052344,12.089641,,1.3306344,51.38584538410679,95,-0.030472,1.0,0.0110991998302346,0.0021667041199213,39,90.09658491560498,39_001
69923,73822,73822,1608871010798510208,215.04273759047305,55.35295048029582,10.752590561782526,-17.335571117009906,-2.6319029967224803,1.1044087,14.942689,2.6095486,-4.3971653,0.017871497,0.01951882,0.021234063,0.02511902,0.02186792,27,16.380175,13.770626,1.2751007,,62.2065004585018,31,-0.040242,1.0,0.0107525905617825,0.0020337350217466,39,93.00084423880695,39_001
69994,73894,73894,1659280835792910464,208.56684694583737,59.291268020940976,10.721439900758147,-17.822288233952953,-3.3838297196066778,1.1898719,14.322535,2.4445562,-51.12112,0.013360909,0.013107851,0.017149752,0.016523235,0.015364033,30,15.633697,13.18914,1.2902616,,62.37029858175392,31,-0.037981,1.0,0.0107214399007581,0.0014330195516848,39,93.27105400546911,39_001
70002,73902,73902,1573128842717331584,182.7275932344077,54.39047683434324,10.600536550578669,-30.11427765582453,-11.426060713067828,1.1034986,16.832935,3.1535988,,0.037188265,0.037161805,0.045628667,0.0482184,0.052070957,32,18.69288,15.539282,1.2266008,,49.19503147797374,31,-0.051158,1.0,0.0106005365505786,0.0049121057930937,39,94.33484760216385,39_001
70022,73922,73922,1603366683790192000,218.14856727096327,48.93745831533943,10.3559473713824,0.9196152924875678,-19.347161668643267,1.0529777,10.884826,1.0979137,-9.579965,0.0091406815,0.009913724,0.010994774,0.011482521,0.0120483525,28,11.353187,10.255273,1.4937767,,58.55885011553941,31,-0.023457,1.0,0.0103559473713824,0.0011634234964629,39,96.56287002417544,39_001
70023,73923,73923,1603660249099855488,217.1247130914044,49.7703030831696,10.710644948981736,-16.836383324318682,-2.824557699684813,0.98480374,18.245934,3.6085072,,0.08773439,0.092157446,0.1115035,0.12034931,0.109433375,29,20.447268,16.83876,1.1915548,,58.81702382069738,31,-0.037918,1.0,0.0107106449489817,0.0102172535380704,39,93.36505922503514,39_001
70039,73939,73939,1606329558390313344,223.2678462558804,54.30098741310472,11.442758755667464,1.887976215951186,-3.4675793592516264,1.0070413,15.9858675,2.875719,,0.027272169,0.028915051,0.033970676,0.04160607,0.03177894,29,17.629223,14.753504,1.2513139,,64.71231850016562,31,-0.044071,1.0,0.0114427587556674,0.0027772096466038,39,87.39151295177987,39_001
70186,74087,74087,1560767995559564032,207.49283954263672,53.24640212801273,10.75391888787238,-18.178689159888577,-4.667550253583223,1.1716144,14.043365,2.3320675,-8.410428,0.010219911,0.012039706,0.012701845,0.014672373,0.014058634,30,15.274699,12.942632,1.303831,,57.669852621911126,31,-0.037384,1.0,0.0107539188878723,0.0013073033325418,39,92.98935675698159,39_001
70217,74118,74118,1583343030861394816,187.0291689218177,61.88327628521007,11.493238789448307,-18.5952750343572,-11.964753344274156,1.0298017,16.679075,3.0656004,,0.04665658,0.0472083,0.060960934,0.06324071,0.056802195,28,18.4709,15.405299,,1.2037774,56.320220008416165,95,-0.06352,1.0,0.0114932387894483,0.0049422269945482,39,87.00767627990805,39_001
70315,74217,74217,1657863359146774016,209.0623956253989,56.99233345249984,10.51672855175593,-17.98082230116615,-3.078697214234056,1.0132884,16.43801,3.0226965,,0.037382413,0.03421831,0.048691697,0.044549312,0.041699074,26,18.20039,15.177693,1.2396225,,61.00451775591872,31,-0.048044,1.0,0.0105167285517559,0.0039650233240105,39,95.08660369797579,39_001
70356,74258,74258,1666587674674960256,217.0626822808813,62.22638680796931,10.257771350546095,29.819623549170025,-1.9139955790121284,0.9897371,13.367286,1.9089575,-5.776356,0.010165943,0.008854726,0.012853219,0.011335097,0.01031473,26,14.304454,12.395496,1.3565297,,67.44265381848884,31,-0.030346,1.0,0.010257771350546,0.0010055527314372,39,97.48706281572284,39_001
70392,74294,74294,1610567179282130816,217.0465824492548,56.78005239766091,11.411938196561078,2.5309631442017686,1.106258149556714,3.067235,12.198896,1.5597801,1.8165984,0.034513373,0.037379317,0.043888405,0.048655532,0.042854402,26,12.320414,10.760633,,1.3967731,64.00505877485772,95,-0.004625,1.0,0.011411938196561,0.0037552255595735,39,87.6275337962618,39_001
70420,74322,74322,1610567179283203840,217.0468902453464,56.7802834991277,11.898909635383983,0.9945036693390944,-2.767551277839849,2.7059722,12.124607,1.5957165,0.5454162,0.03475446,0.037744433,0.04525095,0.049757607,0.04304841,27,12.279128,10.683412,,1.3937483,64.0053402472304,95,-0.009458,1.0,0.0118989096353839,0.0036178449386644,39,84.04131392226819,39_001
70439,74342,74342,1663196261123415296,200.58178525029945,60.57858659228013,10.912152130500964,18.460549296704688,-12.164899903072335,0.7911063,10.120987,0.92614937,-21.718513,0.009288432,0.007627759,0.010949188,0.010063106,0.0094342865,26,10.498109,9.5719595,1.5317063,,60.20933138959963,31,-0.018743,1.0,0.0109121521305009,0.000864566987994,39,91.6409511195201,39_001
70461,74364,74364,1554963123922631296,194.4162272320651,47.46345535458376,10.666400667611107,-22.768511284108385,17.559207090060525,1.1818101,11.272856,1.2337713,-21.614279,0.010119719,0.011246666,0.011454009,0.014053627,0.01657199,30,11.816316,10.582544,,1.4659063,47.98718334916399,95,-0.031115,1.0,0.0106664006676111,0.0015536628068286,39,93.7523379406265,39_001
70563,74467,74467,1570922397758841984,189.10347610483265,53.89442420191926,10.495760121724125,-24.09003678579104,-11.574386668445436,0.9904365,18.351522,3.6071281,,0.087846726,0.09555926,0.10514671,0.12267222,0.12793985,29,20.55698,16.949852,,1.1049939,51.10975314919365,95,-0.047935,1.0,0.0104957601217241,0.0121896697824857,39,95.2765677190166,39_001
70578,74483,74483,1617545126749721472,224.68792679095915,60.44152510954932,10.190832158162124,23.57600914967623,-0.92623682255054,7.3998375,13.721444,2.2631855,-13.383335,0.08485211,0.07663166,0.12262221,0.09825394,0.08212978,25,14.904052,12.640866,1.3119941,,69.40181352970878,31,-0.033819,1.0,0.0101908321581621,0.0080591828739147,39,98.12741339273988,39_001
70584,74489,74489,1554928935982369920,195.1388387100224,47.48479028316849,11.408419289197315,-20.95675127371685,-2.5061922780328008,6.2074604,18.473152,2.69063,,0.51657236,0.6182679,0.57885724,0.7634536,0.8640521,31,19.63393,16.9433,1.2592249,,48.28611563628726,31,-0.026472,0.022628784,0.0114084192891973,0.0757381086806806,39,87.65456235877534,39_001
70645,74550,74550,1560422504094135552,203.2389323290808,53.680400869798056,10.633136461697015,-18.432262102060086,-5.94780520667353,1.0603714,17.677258,3.4064503,,0.071753256,0.06699719,0.08881369,0.08184203,0.08511252,30,19.734924,16.328474,1.2037039,,56.32523415461921,31,-0.051613,1.0,0.010633136461697,0.0080044604248797,39,94.0456283620764,39_001
70771,74676,74676,1561660249245388672,205.4021154445236,53.337506753678326,10.504028683629617,-18.27646955475405,-4.830259265751248,0.9509496,9.585494,0.80132866,-4.775722,0.009526599,0.009694174,0.010950786,0.012903847,0.012202885,30,9.902745,9.101417,1.5599109,,56.914734508981205,31,-0.019842,1.0,0.0105040286836296,0.0011617337849636,39,95.20156790493992,39_001
70774,74679,74679,1617712351300477440,220.9643254053925,60.23532208251586,10.347082783329126,-16.55003313217386,-2.507463814324188,7.6026125,12.119495,1.4885111,-15.881951,0.07117275,0.072766535,0.08861027,0.094999224,0.07801343,27,12.799526,11.311015,1.4222034,,67.8045724709567,31,-0.009756,1.0,0.0103470827833291,0.0075396545706286,39,96.645597695533,39_001
70826,74731,74731,1564704384625095808,198.17871876821167,56.21003193989909,10.870460027662276,0.9363573202213642,-20.195206160401035,2.678278,15.15522,2.8844986,-14.475224,0.04755587,0.05554265,0.059276853,0.07538886,0.065429665,27,16.801023,13.916525,1.24941,,56.25526305899062,31,-0.04644,1.0,0.0108704600276622,0.0060190336778296,39,91.99242694929994,39_001
70861,74766,74766,1668110665782756352,213.71766906637177,64.14834476075812,11.092215954711556,-18.009129880231832,-3.225824378027516,0.9594067,18.62712,3.9358234,,0.13064086,0.14602731,0.16758338,0.1884749,0.14988905,25,21.121538,17.185715,,1.051368,67.21241222878402,95,-0.042234,1.0,0.0110922159547115,0.0135129942125164,39,90.153311482837,39_001
70907,74812,74812,1677385669133235968,191.2325800836893,64.77137918301104,11.388027940959793,-18.804620451820035,-7.630570502210311,1.2153004,16.47278,3.0858202,,0.06300954,0.073182665,0.07823106,0.106069356,0.07795242,24,17.655603,14.569783,,1.2337562,59.654370959713575,95,-0.061719,1.0,0.0113880279409597,0.0068451201914973,39,87.81151619792455,39_001
70946,74851,74851,1562684753563525120,204.4832491566869,56.45646434751766,10.61962997282342,-23.68073839899555,9.697122466264206,0.9523791,8.44047,0.6208935,1.3736537,0.012419925,0.013421584,0.015378385,0.016535902,0.015542705,29,8.671385,8.050491,1.6035652,,58.84616979117615,31,-0.020904,1.0,0.0106196299728234,0.0014635825391068,39,94.16523951955868,39_001
70948,74853,74853,1563589892151844992,201.15094938831788,54.92717997511625,10.90460714240388,-19.19424423208003,-6.170496502179095,1.084968,12.994538,1.9079914,-4.552228,0.011108002,0.010133323,0.014020876,0.01252881,0.012928749,29,13.938903,12.030911,1.3567394,,56.44564597520992,31,-0.02164,1.0,0.0109046071424038,0.0011856226300647,39,91.70435825343829,39_001
70951,74856,74856,1564028700370220672,198.36556644702472,54.00068118931695,10.5578093144162,-8.43236194989605,-6.324197898683845,1.847803,17.301752,3.244402,,0.09366001,0.09913219,0.118227154,0.1417175,0.12501703,28,19.245377,16.000975,1.2209598,,54.67958641488828,31,-0.052595,1.0,0.0105578093144162,0.0118411903716896,39,94.71661878137412,39_001
70972,74878,74878,1603398775787150208,218.76824610401167,49.30439978812081,12.473774490459832,-16.357110777320703,-13.427898968273034,1.0850087,11.535058,1.4947329,-2.089687,0.009711479,0.010575342,0.012601718,0.014037915,0.012513057,27,12.228055,10.733322,1.4202728,,59.09596556666296,31,-0.029622,1.0,0.0124737744904598,0.0010031492079298,39,80.16819614342239,39_001
71000,74906,74906,1606191329163536640,222.52354127594432,53.634827293805685,10.164649397457689,-15.452143719313344,-2.658673471892897,0.9486981,10.098046,0.8991957,-6.249202,0.011061084,0.011495906,0.0130683975,0.015652183,0.01342645,26,10.465822,9.566627,,1.5334641,63.92486722186064,95,-0.02056,1.0,0.0101646493974576,0.0013208965184139,39,98.3801763246376,39_001
71006,74912,74912,1565832689713351808,202.99694747283223,57.752477482239,10.33964321143453,22.5687306552231,-12.400828327204296,0.9546709,16.331219,-0.104314804,,0.031607807,0.031665586,0.038532436,0.03876597,0.03808639,28,16.287302,16.391617,1.7900621,,59.19125325543143,31,-0.008418,1.0,0.0103396432114345,0.003683530390863,39,96.71513605944457,39_001
71033,74939,74939,1660250532033996544,213.7479954920768,59.840587229389854,10.348149625408116,15.743255584831196,-15.477854249351116,1.0322063,17.857826,3.2823372,,0.07326079,0.0714931,0.10333937,0.099156834,0.08070165,28,19.798143,16.515806,1.2108065,,64.73000605788938,31,-0.046052,1.0,0.0103481496254081,0.007798655114326,39,96.63563402143627,39_001
71057,74963,74963,1672297129320362624,204.23038516721343,66.36263824455895,11.686606606953172,-13.043453175801094,-12.085465334864944,1.0586213,17.53049,3.5640488,,0.084935054,0.07994968,0.10669754,0.10618629,0.091615826,26,19.739496,16.175447,,1.1675636,64.9530836116382,95,-0.070131,1.0,0.0116866066069531,0.0078393864944073,39,85.56803815104351,39_001
71153,75060,75060,1607937387987649408,215.61515293761337,52.38825261516527,11.108233535413586,14.692992940559568,-11.471021436241744,0.95498437,9.687638,0.82078934,6.757501,0.009335245,0.010078935,0.010974631,0.0126182465,0.01254499,29,10.014398,9.193608,1.5558889,,60.24654661432709,31,-0.018633,1.0,0.0111082335354135,0.0011293415789293,39,90.02331440115653,39_001
71175,75082,75082,1608114095830830592,214.00536998371769,52.7863270038352,10.708543126353328,-15.974117537368048,-0.5369239925714848,1.015338,10.312345,0.93293667,-7.1260405,0.00958601,0.011909003,0.0116117755,0.017303498,0.013872466,28,10.424304,9.491367,1.5152317,,59.90715453334308,31,-0.019228,1.0,0.0107085431263533,0.001295457826178,39,93.38338448103549,39_001
71177,75084,75084,1608752435341695872,214.7328309939029,54.86375905615558,10.50995611140114,-19.952035692405445,-5.141445363901303,13.004039,6.4574633,0.23295069,-12.969479,0.26479462,0.28415233,0.303759,0.3648454,0.32239747,25,6.522846,6.2898955,1.697911,,61.73136545722424,31,-0.026918,1.0,0.0105099561114011,0.0306754344721064,39,95.14787591883562,39_001
71216,75123,75123,1666584547938761600,216.418310884944,62.179257394772826,10.23867201832662,-16.91774676112845,-3.368948794306208,1.0660497,15.964207,3.012474,,0.031004203,0.033461146,0.036497973,0.039961733,0.034179673,25,17.71949,14.707016,1.2380781,,67.16783484698198,31,-0.046502,1.0,0.0102386720183266,0.0033382916201261,39,97.66891626277909,39_001
71247,75154,75154,1679146193408179328,193.78706226486688,66.70210679798832,10.082990759652898,-20.22807320442617,-0.4193339853200033,1.1287707,17.417875,3.2548008,,0.083924904,0.07982512,0.11404805,0.12931404,0.08801365,23,19.370317,16.115517,,1.2186817,61.66220330845773,95,-0.069959,1.0,0.0100829907596528,0.0087289230048872,39,99.1769231805221,39_001
71295,75202,75202,1605279799664073344,216.8995154145684,52.54791501546213,10.114617627178491,-16.214198650023317,-2.119059754958787,0.9769361,18.087772,3.5196362,,0.10256528,0.117945164,0.124059714,0.15185982,0.13455728,27,20.217178,16.697542,,1.1359776,60.87816063204182,95,-0.055565,1.0,0.0101146176271784,0.013303249312998,39,98.86681205950467,39_001
71298,75205,75205,1605894083066779904,220.3355289908345,52.646728130165954,10.02573244657471,29.382933940028728,-3.0760442597486177,1.9261386,10.414158,0.60268974,,0.030048665,0.048662856,0.032492783,0.057118993,0.040549982,19,10.10284,9.500151,,1.4814702,62.31648946914012,95,-0.021763,1.0,0.0100257324465747,0.0040445904791578,39,99.7433359935364,39_001
71342,75250,75250,1609909671329800576,213.23694800425992,56.20950785794851,10.036591637168248,-15.95775870391854,-2.912278551652734,1.0243207,17.107096,3.1598024,,0.050913893,0.053300492,0.061195403,0.071534224,0.06505137,27,18.969183,15.809381,1.2242833,,62.09846764529632,31,-0.051508,1.0,0.0100365916371682,0.0064814204215599,39,99.6354176946615,39_001
71388,75296,75296,1579506216316558976,195.8685002313404,60.69541342709663,10.190071510092832,16.42222227244269,-1.690187649214007,7.247131,16.861547,2.93847,,0.5891726,0.6213359,0.75737745,0.78824496,0.7148297,25,18.150013,15.211543,,0.6097361,58.57320320575166,95,-0.065042,0.16137695,0.0101900715100928,0.0701496254753454,39,98.13473821155678,39_001
71413,75321,75321,1677385669133918336,191.233175516332,64.77128006375092,11.296782617906176,-18.558252973201142,-16.438148455861608,1.1449424,16.508757,3.182438,,0.076133035,0.090257116,0.10007284,0.13473473,0.0937337,23,17.787846,14.605408,,1.1519102,59.65450398262233,95,-0.062027,1.0,0.0112967826179061,0.0082973801630409,39,88.52077921858371,39_001
71418,75326,75326,1680135960031628672,187.73263608205733,64.55818200003496,10.23421757743506,-5.583706386467077,-7.078351406927503,0.9828429,16.30216,2.8641205,,0.032483745,0.029924648,0.04217676,0.04243392,0.038147345,28,17.931969,15.067848,1.2497686,,58.37508156032942,31,-0.04572,1.0,0.010234217577435,0.0037274315023465,39,97.71142663654703,39_001
71467,75376,75376,1667017789879903616,217.8180479260478,63.22285726882071,10.24774682683262,-15.831579833222737,-1.3235110946389976,1.1885837,15.592257,2.8046951,53.942707,0.028653733,0.028914059,0.03396836,0.036071114,0.02972404,24,17.173,14.368305,1.2569875,,68.27612350912898,31,-0.042074,1.0,0.0102477468268326,0.0029005439441742,39,97.58242635167468,39_001
71471,75380,75380,1610399435040359936,215.94316357006824,55.81764377928228,10.089179126515877,31.00076619937468,-6.643599907010426,3.1568642,14.259388,2.429738,-11.67294,0.040886518,0.03498542,0.052139588,0.04513352,0.04144905,27,15.280413,12.850675,1.2955081,,62.89471459554161,31,-0.037138,1.0,0.0100891791265158,0.004108267826375,39,99.1160913549307,39_001
71480,75389,75389,1592334733874661248,224.0740539372279,49.42560620463324,10.428952970841888,-15.377775266199944,-13.783146002401018,0.7758938,10.953721,1.1107092,-32.16651,0.008637995,0.009360592,0.010856482,0.013552778,0.010681218,25,11.428124,10.317415,1.4905657,,61.26500064663711,31,-0.025573,1.0,0.0104289529708418,0.001024188912335,39,95.88690281717537,39_001
71541,75450,75450,1617163321336516224,218.7871884905226,58.85994207994065,11.04855627666824,-6.993981826815142,-18.18837835187169,1.1040504,14.962413,2.6235266,-26.107895,0.019392725,0.019448835,0.025696108,0.0259204,0.020839628,27,16.408358,13.784831,1.2734683,,66.08343746183996,31,-0.039648,1.0,0.0110485562766682,0.0018861856226417,39,90.50956296541214,39_001
71692,75602,75602,1620262294859709440,221.8049971623824,62.77677671203659,10.830025337914634,-19.985521225631807,-3.809621267746971,1.0618254,16.204584,2.9269705,,0.032534234,0.036086984,0.039833385,0.04129253,0.03504062,27,17.887722,14.960752,1.2453083,,69.57864012308175,31,-0.045509,1.0,0.0108300253379146,0.0032355067422905,39,92.33588738699639,39_001
71995,75907,75907,1607476280298633984,222.01171854948367,56.15919885287697,10.26703875687048,-15.70321319113104,-1.5633466003194003,2.2666967,9.816512,0.99819565,,0.02489463,0.024379332,0.031768482,0.031311467,0.026923075,26,10.232135,9.233939,1.5167418,,65.54784154960197,31,-0.01808,1.0,0.0102670387568704,0.0026222823968579,39,97.39906741180161,39_001
72079,75992,75992,1660095402110621952,210.92622720752243,59.84690292695938,10.425637961084464,-17.609418045132927,-3.1767475498679283,1.0658956,16.696903,3.111147,,0.053342137,0.04069525,0.07015866,0.055933107,0.050582178,25,18.526964,15.415817,1.230413,,63.64007337142672,31,-0.049551,1.0,0.0104256379610844,0.0048517105800917,39,95.91739169657367,39_001
72169,76082,76082,1610041333551984256,217.3537759813753,54.46184576799365,10.343089050799373,-21.555074068039342,-9.056620107225308,8.456915,12.068419,1.6895761,-5.830664,0.06894429,0.06797562,0.08701095,0.0895685,0.07689523,28,12.8721485,11.182572,1.388789,,62.48155896066712,31,-0.011198,1.0,0.0103430890507993,0.007434454989446,39,96.68291504487446,39_001
72170,76083,76083,1610399435040359808,215.9399036159855,55.81257179395984,10.223803391510875,28.68579449221704,-7.765821259754113,1.0405619,12.201979,1.534792,-7.3560953,0.008087047,0.008376918,0.010160604,0.011135258,0.009459358,29,12.917918,11.383126,1.411813,,62.88983186850109,31,-0.004705,1.0,0.0102238033915108,0.0009252288642262,39,97.81095759630284,39_001
72186,76099,76099,1593570584944324608,223.2700290030169,51.26115135741723,10.042685180198117,-14.602029521448504,-1.6219979950957106,0.8433865,9.8218975,0.8261204,-6.612064,0.009493859,0.010901695,0.010868227,0.013587459,0.01171992,28,10.153075,9.326955,,1.5573568,62.40689671851614,95,-0.020867,1.0,0.0100426851801981,0.0011670105942491,39,99.5749624783393,39_001
72251,76164,76164,1661283115186488576,211.12885318429508,60.67662437637373,10.686213150067308,-16.06403808281123,-3.5891970987555224,6.261026,15.35274,2.7948408,4.4333673,0.13225824,0.12229177,0.18535581,0.15558434,0.1374824,28,16.797333,14.002492,1.2610046,,64.2413782141979,31,-0.042191,1.0,0.0106862131500673,0.012865399376685,39,93.57851897177459,39_001
72375,76289,76289,1659300798800682496,206.8829851471022,58.35095743595432,10.145314063139285,-17.3184964446391,-8.254733992496995,3.5932677,13.92643,2.411581,-11.297953,0.03192183,0.032699704,0.03835669,0.039881326,0.038260944,28,15.204616,12.793035,1.2948844,,61.093436241284,31,-0.037718,1.0,0.0101453140631392,0.0037712922204165,39,98.56767309286987,39_001
72508,76425,76425,1662057686768790272,204.0228754579751,58.81556215946556,10.356809932026763,-19.372382136932583,-4.496748933801338,1.2291471,15.675353,2.883996,14.156905,0.027663909,0.027453791,0.0357498,0.037475083,0.032439813,28,17.300154,14.416158,1.2490319,,60.31485036933223,31,-0.045402,1.0,0.0103568099320267,0.0031322205595069,39,96.5548278440128,39_001
72525,76442,76442,1661571320376674176,209.42816547873844,61.612259273407936,10.291962040071256,20.18530673768786,-1.8528070174647235,1.026435,16.221243,2.8718843,,0.033789214,0.029852614,0.044133,0.03739497,0.033364262,26,17.862196,14.990312,1.2507064,,64.16788994367829,31,-0.044764,1.0,0.0102919620400712,0.0032417785714811,39,97.16320329462486,39_001
72530,76447,76447,1662855584317698176,204.8654501803564,61.06415599317817,10.058271772421143,-18.54154847075654,-4.50781702281242,1.0947305,18.013868,3.337799,,0.09386733,0.0923399,0.11779548,0.11984608,0.10758558,28,19.961653,16.623854,1.2052768,,62.11294537692168,31,-0.042745,1.0,0.0100582717724211,0.0106962291767647,39,99.42065820312317,39_001
72580,76497,76497,1608783565264450688,215.7006360641844,54.66643830664816,10.137080521591985,18.116686660952904,-12.790375569711973,1.146507,11.920388,1.4875917,13.523464,0.009891012,0.009675993,0.011733428,0.012738713,0.011547742,31,12.545906,11.058314,1.4251599,,61.97295957960111,31,-0.022894,1.0,0.0101370805215919,0.0011391585551089,39,98.64773174781517,39_001
72672,76592,76592,1670841891321489920,209.671216057313,63.68876386597179,10.8098330608397,-18.96027564921516,-4.937420844279939,1.2053556,11.075772,1.4491282,-6.6048136,0.015093738,0.013423453,0.019292142,0.01698835,0.014925905,26,11.737567,10.288439,1.4268144,,65.46526047933884,31,-0.026766,1.0,0.0108098330608397,0.0013807710920228,39,92.508366629884,39_001
72679,76599,76599,1605888688587491968,220.09921253427115,52.60214453318266,10.090652625713831,-15.907000902160636,-2.3678981374666903,1.2285804,14.853866,2.6285734,-6.3141665,0.019305132,0.020308403,0.02026478,0.024587197,0.023603369,25,16.30719,13.678617,1.2742044,,62.18911120414025,31,-0.040412,1.0,0.0100906526257138,0.0023391320537436,39,99.10161781327412,39_001
72685,76605,76605,1608995594913997952,211.8403966269664,53.613909428593225,10.483110169083952,-10.457475986885434,-7.958607926876767,0.9929129,18.792946,3.559969,,0.12996219,0.1310929,0.1646072,0.16375153,0.15067029,30,20.92484,17.364872,,1.0697224,59.66592577922849,95,-0.037398,1.0,0.0104831101690839,0.0143726706645081,39,95.39153780422286,39_001
72691,76612,76612,1666327571455612672,202.54576920828185,66.1994641020909,11.583838625292293,-21.378287326500967,-8.27251306043278,1.1677334,14.577277,2.5707417,-12.359409,0.01783824,0.014819454,0.022199428,0.018437289,0.017761633,27,15.983598,13.412856,1.2783927,,64.29038275784971,31,-0.039299,1.0,0.0115838386252922,0.0015333115018728,39,86.32716945975024,39_001
72892,76816,76816,1614499681403394304,224.67044125642363,59.883776660270186,10.066266470698832,-14.864435700094583,-2.1124105088566787,0.98198724,18.551598,3.580309,,0.12393513,0.12901734,0.1583282,0.18055199,0.13680609,25,20.723116,17.142807,1.1831788,,69.05849841092916,31,-0.030327,1.0,0.0100662664706988,0.0135905492267882,39,99.34169763048007,39_001
73011,76936,76936,1676360061007537024,197.73055466447573,63.91500249238364,11.346943283235444,-19.469815897845788,-7.1169788312960005,0.89192575,17.759453,3.7066135,,0.080480814,0.07012653,0.10533323,0.09617911,0.081927076,27,20.106922,16.400309,,1.0846955,61.3178168096596,95,-0.064009,1.0,0.0113469432832354,0.0072201890813223,39,88.12946139225488,39_001
73078,77003,77003,1618591449502198912,220.16683697055257,61.34340183277218,10.22553206656174,-16.369158940590246,-3.3731503875305444,1.0310124,15.731559,2.8618488,-27.729258,0.024177669,0.0247077,0.030191364,0.0314954,0.026014658,28,17.3591,14.4972515,1.2514145,,68.14686688286052,31,-0.043182,1.0,0.0102255320665617,0.0025440884474921,39,97.79442218660478,39_001
73082,77007,77007,1619498787113235712,224.8393420950649,62.53084342667587,10.871254453284164,-11.581793146063678,1.611499301738272,1.0778129,16.277193,3.0202284,,0.036302593,0.033459224,0.051096715,0.046018433,0.03689745,26,18.033707,15.013478,1.2369853,,70.63447325901184,31,-0.047254,1.0,0.0108712544532841,0.0033940379335756,39,91.98570452905825,39_001
73223,77152,77152,1658339585120212864,210.4941841402793,57.945416554990494,11.68064785116844,1.22175581813818,1.028735140787684,1.2969021,15.600386,2.844407,19.928265,0.027641803,0.028161895,0.032209847,0.034814198,0.032090504,28,17.21711,14.372703,1.2551396,,62.21879804357099,31,-0.043732,1.0,0.0116806478511684,0.0027473222726075,39,85.61168975742825,39_001
73250,77180,77180,1658338794846641536,210.54643596042425,57.93602855058547,11.661361350114744,0.9307277747494732,0.8924470868776867,0.9916343,10.370927,0.9927273,12.944335,0.009989885,0.010026881,0.011911225,0.013043207,0.011232456,29,10.784866,9.792139,,1.5141872,62.23283092170517,95,-0.021256,1.0,0.0116613613501147,0.0009632199588677,39,85.753281283078,39_001
73394,77330,77330,1661860186992404736,204.0391689566569,57.94188416210396,10.154944666083669,-11.405061508078033,3.4517707749045314,1.0845876,15.641889,2.6513453,15.997878,0.024672296,0.024267238,0.032457974,0.032636818,0.029545924,27,17.107302,14.455956,1.2695777,,59.72121819367915,31,-0.041649,1.0,0.0101549446660836,0.0029095110777589,39,98.47419487571312,39_001
73395,77331,77331,1663238798479454976,199.8094205933621,59.87631391319207,11.642445387188095,-20.39359774459668,-7.465581076303737,1.0953674,17.353632,3.3788795,,0.05966472,0.06465297,0.07277821,0.07813205,0.07734037,27,19.40514,16.02626,1.2114987,,59.4543421450884,31,-0.054418,1.0,0.011642445387188,0.0066429660975785,39,85.89260818869343,39_001
73424,77360,77360,1660813451922920960,209.3694456217452,59.84719034762642,10.015435481454205,-17.265382666204605,-3.3036078305036627,0.9951068,16.471685,2.9299784,,0.037181977,0.03468819,0.04590403,0.043397345,0.039964847,28,18.15641,15.226432,1.2439432,,63.04079180651863,31,-0.046915,1.0,0.0100154354814542,0.0039903254405665,39,99.84588307235583,39_001
73558,77497,77497,1665685353585859456,202.0935834560988,64.11105288279768,10.044421332366598,-16.952572419038642,-5.433922628544789,1.0101342,17.525633,3.336443,,0.06315565,0.06588125,0.09428697,0.09454086,0.07378069,28,19.549631,16.213188,1.2224805,,62.96517111202708,31,-0.052209,1.0,0.0100444213323665,0.0073454395787095,39,99.55775120440876,39_001
73582,77525,77525,1665911681182342656,205.550298348673,64.35359052118193,10.594632661424702,6.179629280893296,-20.04506162416594,0.91590196,9.404054,0.7754221,-16.750229,0.012044086,0.010082905,0.015999198,0.01307641,0.012328924,26,9.70764,8.932218,1.5669396,,64.33594618047498,31,-0.017581,1.0,0.0105946326614247,0.0011636952779769,39,94.38741596403082,39_001
74172,78143,78143,1679004558270924288,193.13997942496653,65.91426256291366,11.391147850510151,2.970076267045972,-3.735646977634459,1.1156871,12.724109,1.7948914,-20.46467,0.010013874,0.01017395,0.012302764,0.013137371,0.012333567,26,13.599444,11.804553,1.3726026,,60.9865490158605,31,-0.008591,1.0,0.0113911478505101,0.0010827325886607,39,87.78746559375222,39_001
74185,78157,78157,1658232623254847616,210.0825903422126,57.53993957764234,10.660794985511137,-18.07928221359336,-4.085134020535111,1.0373576,17.110973,3.2368402,,0.047075935,0.050386224,0.06265032,0.06808325,0.061048623,29,19.05532,15.8184805,1.2248766,,61.78167083534084,31,-0.051426,1.0,0.0106607949855111,0.0057264606516652,39,93.8016349961783,39_001
74339,78321,78321,1660704802134304384,210.10271518837783,59.06627379533761,11.938212629173824,1.343450287953352,-4.700649801184889,0.85975766,9.958406,0.9060793,5.070325,0.0087437015,0.009580229,0.011812969,0.013501022,0.010660522,28,10.326128,9.420049,1.5364403,,62.81511972951178,31,-0.017993,1.0,0.0119382126291738,0.0008929747133124,39,83.76463303696463,39_001
74478,78465,78465,1662668499837500032,205.4205762686148,60.95209007435158,10.59171969575565,-18.472652591803424,-4.843036726481169,4.2753863,16.773705,3.3659678,,0.18244922,0.17555183,0.23460498,0.22204387,0.20700501,30,18.688232,15.322265,1.2149099,,62.24926428168662,31,-0.052057,1.0,0.0105917196957556,0.0195440415670131,39,94.4133746666963,39_001
74731,78727,78727,1662855584317183744,204.86345066815085,61.06172581076397,10.168927697550082,-17.799943038169143,-4.421195922461474,1.0104882,11.845004,1.4097242,-4.7209616,0.00910576,0.008281017,0.011390173,0.0109081,0.00999598,28,12.487957,11.078233,1.4333192,,62.11065298658023,31,-0.028373,1.0,0.01016892769755,0.0009829925334613,39,98.33878553792157,39_001
74779,78777,78777,1665794063502270464,204.4100977892424,63.92527610324144,10.264928754194823,-18.213308720712465,-7.730916231410525,1.0453038,16.49991,3.0115557,,0.039716896,0.036895774,0.05288849,0.049076654,0.041532516,29,18.244368,15.232812,1.2412483,,63.683339239547145,31,-0.047564,1.0,0.0102649287541948,0.0040460598407005,39,97.41908823199054,39_001
74783,78781,78781,1668031264722832256,215.19623699960653,63.7684681461485,10.455080022313462,-15.382492907153855,-1.9293379224891047,1.2366364,17.705107,3.8418884,,0.09565423,0.09416724,0.13186446,0.11715401,0.099910244,27,20.111555,16.269667,1.1870985,,67.56796507840527,31,-0.053823,1.0,0.0104550800223134,0.0095561434046195,39,95.64728322172417,39_001
74872,78878,78878,1678549154298992384,197.93144651336792,66.74307838652827,10.047151958873084,15.686670660641711,-13.677346479176462,1.0670474,11.981818,1.4293804,-11.372457,0.00899428,0.008225552,0.011998871,0.010420809,0.009803351,26,12.636611,11.207231,1.4297209,,63.03548695086578,31,-0.019378,1.0,0.010047151958873,0.0009757343215399,39,99.53069328436544,39_001
